elapsed_s,time,gpu_util_pct,mem_util_pct,temp_c,fan_pct,power_w,sm_mhz,mem_mhz,vram_used_mib,pstate,cpu_package_c,ram_used_gib,load1,cpu_max_core_c,swap_used_gib,cpu_util_pct,nvme_c,gpu_enc_pct,gpu_dec_pct,cpu_fan_rpm,gpu_fan_rpm
0.0,03:14:54,0,4,38,31,23.02,135,324,366,P8,24.0,3.93,0.98,32.0,0.43,35.7,,0,0,,
1.0,03:14:55,0,4,38,31,23.11,135,324,366,P8,33.0,4.19,0.98,33.0,0.43,22.5,,0,0,,
2.1,03:14:56,0,5,38,31,23.12,135,324,366,P8,32.0,3.97,0.98,32.0,0.43,15.6,,0,0,,
3.1,03:14:57,0,4,38,31,23.11,135,324,366,P8,33.0,4.2,0.98,33.0,0.43,21.8,,0,0,,
4.1,03:14:58,100,29,46,30,160.51,1113,3004,1323,P2,34.0,4.34,0.98,34.0,0.43,14.4,,0,0,,
5.1,03:14:59,100,36,47,29,149.25,1101,3004,1323,P2,34.0,4.31,0.98,34.0,0.43,14.3,,0,0,,
6.2,03:15:00,100,35,48,28,149.66,1101,3004,1323,P2,35.0,4.29,0.98,35.0,0.43,16.6,,0,0,,
7.2,03:15:01,100,33,48,28,151.41,1101,3004,1296,P2,35.0,4.32,1.07,35.0,0.43,17.3,,0,0,,
8.2,03:15:02,100,29,49,29,150.67,1101,3004,1296,P2,34.0,4.35,1.07,34.0,0.43,15.8,,0,0,,
9.2,03:15:03,100,35,49,31,151.70,1101,3004,1296,P2,35.0,4.33,1.07,35.0,0.43,15.2,,0,0,,
10.2,03:15:04,100,37,50,32,151.86,1101,3004,1296,P2,34.0,4.32,1.07,34.0,0.43,14.9,,0,0,,
11.3,03:15:05,100,33,50,33,151.41,1101,3004,1296,P2,34.0,4.31,1.07,34.0,0.43,15.8,,0,0,,
12.3,03:15:06,100,36,51,34,151.95,1101,3004,1296,P2,40.0,4.31,1.06,40.0,0.43,19.0,,0,0,,
13.3,03:15:07,100,32,51,35,151.97,1101,3004,1296,P2,35.0,4.39,1.06,35.0,0.43,25.2,,0,0,,
14.3,03:15:08,100,35,51,36,152.20,1101,3004,1296,P2,37.0,4.5,1.06,37.0,0.43,31.9,,0,0,,
15.3,03:15:09,100,37,51,37,138.57,1151,3004,1296,P2,35.0,4.46,1.06,35.0,0.43,17.9,,0,0,,
16.4,03:15:10,100,51,52,38,152.97,1202,3004,1296,P2,35.0,4.45,1.06,35.0,0.43,14.3,,0,0,,
17.4,03:15:11,100,50,52,38,152.65,1202,3004,1296,P2,34.0,4.41,1.06,35.0,0.43,14.5,,0,0,,
18.4,03:15:12,100,51,53,39,152.96,1202,3004,1296,P2,35.0,4.38,1.06,35.0,0.43,15.7,,0,0,,
19.4,03:15:13,100,50,53,39,152.96,1202,3004,1296,P2,35.0,4.34,1.06,35.0,0.43,15.7,,0,0,,
20.4,03:15:14,100,51,53,39,153.24,1202,3004,1296,P2,36.0,4.32,1.06,36.0,0.43,15.3,,0,0,,
21.5,03:15:15,100,50,53,39,153.15,1202,3004,1296,P2,36.0,4.33,1.06,36.0,0.43,15.7,,0,0,,
22.5,03:15:16,100,51,54,40,153.34,1202,3004,1296,P2,36.0,4.3,1.05,36.0,0.43,15.7,,0,0,,
23.5,03:15:17,100,50,54,40,153.43,1202,3004,1296,P2,36.0,4.3,1.05,36.0,0.43,15.2,,0,0,,
24.5,03:15:18,100,50,54,41,151.20,1189,3004,1296,P2,35.0,4.3,1.05,35.0,0.43,14.6,,0,0,,
25.6,03:15:19,100,50,55,41,153.34,1202,3004,1296,P2,36.0,4.31,1.05,36.0,0.43,15.1,,0,0,,
26.6,03:15:20,100,50,55,42,151.39,1189,3004,1296,P2,35.0,4.31,1.05,35.0,0.43,17.4,,0,0,,
27.6,03:15:21,100,50,55,42,153.52,1202,3004,1296,P2,36.0,4.29,1.05,36.0,0.43,16.3,,0,0,,
28.6,03:15:22,100,51,55,42,151.48,1189,3004,1296,P2,35.0,4.31,1.05,35.0,0.43,15.3,,0,0,,
29.6,03:15:23,100,65,56,43,148.89,1063,3004,2160,P2,35.0,4.31,1.05,35.0,0.43,14.6,,0,0,,
30.7,03:15:24,100,66,56,43,152.51,1088,3004,2160,P2,34.0,4.31,1.05,34.0,0.43,14.5,,0,0,,
31.7,03:15:25,100,64,56,43,153.15,1101,3004,2160,P2,35.0,4.29,1.05,35.0,0.43,14.0,,0,0,,
32.7,03:15:26,100,66,57,43,150.47,1088,3004,2160,P2,35.0,4.32,1.12,35.0,0.43,14.7,,0,0,,
33.7,03:15:27,100,66,57,43,151.85,1088,3004,2160,P2,35.0,4.3,1.12,35.0,0.43,14.5,,0,0,,
34.7,03:15:28,100,67,57,43,151.92,1088,3004,2160,P2,36.0,4.29,1.12,36.0,0.43,14.2,,0,0,,
35.8,03:15:29,100,68,57,43,152.20,1088,3004,2160,P2,34.0,4.3,1.12,34.0,0.43,14.3,,0,0,,
36.8,03:15:30,100,67,57,43,152.20,1088,3004,2160,P2,35.0,4.32,1.12,35.0,0.43,14.6,,0,0,,
37.8,03:15:31,100,66,58,43,151.92,1088,3004,2160,P2,36.0,4.31,1.11,36.0,0.43,15.1,,0,0,,
38.8,03:15:32,100,66,58,44,152.41,1088,3004,2160,P2,36.0,4.35,1.11,37.0,0.43,16.1,,0,0,,
39.8,03:15:33,100,62,58,45,151.71,1088,3004,2160,P2,40.0,4.32,1.11,40.0,0.43,26.9,,0,0,,
40.9,03:15:34,100,67,54,45,94.47,1088,3004,2160,P2,36.0,4.29,1.11,36.0,0.43,25.5,,0,0,,
41.9,03:15:35,100,66,58,46,151.63,1088,3004,2160,P2,36.0,4.36,1.18,36.0,0.43,25.8,,0,0,,
43.0,03:15:36,100,67,58,46,152.30,1088,3004,2160,P2,36.0,4.37,1.18,36.0,0.43,15.4,,0,0,,
44.0,03:15:38,100,68,59,46,152.30,1088,3004,2160,P2,34.0,4.36,1.18,34.0,0.43,14.5,,0,0,,
45.0,03:15:39,100,67,59,46,152.49,1088,3004,2160,P2,36.0,4.35,1.18,36.0,0.43,14.3,,0,0,,
46.0,03:15:40,100,65,59,47,152.39,1088,3004,2160,P2,36.0,4.32,1.18,36.0,0.43,15.5,,0,0,,
47.1,03:15:41,100,61,59,47,152.01,1088,3004,2160,P2,35.0,4.35,1.25,35.0,0.43,15.9,,0,0,,
48.1,03:15:42,100,68,59,47,150.81,1088,3004,2160,P2,35.0,4.37,1.25,35.0,0.43,17.2,,0,0,,
49.1,03:15:43,100,67,59,48,152.73,1088,3004,2160,P2,36.0,4.37,1.25,36.0,0.43,16.2,,0,0,,
50.1,03:15:44,100,67,60,48,152.64,1088,3004,2160,P2,36.0,4.34,1.25,37.0,0.43,15.5,,0,0,,
51.1,03:15:45,100,67,60,49,152.73,1088,3004,2160,P2,36.0,4.36,1.25,36.0,0.43,18.7,,0,0,,
52.2,03:15:46,100,67,60,49,152.86,1088,3004,2160,P2,36.0,4.36,1.23,36.0,0.43,16.2,,0,0,,
53.2,03:15:47,4,1,54,50,55.45,1202,3505,339,P0,33.0,4.03,1.23,33.0,0.43,14.5,,0,0,,
54.2,03:15:48,0,0,53,50,55.12,1202,3505,339,P0,32.0,4.2,1.23,32.0,0.43,21.0,,0,0,,
55.2,03:15:49,100,100,54,50,109.45,1278,3004,3479,P2,35.0,4.31,1.23,34.0,0.43,14.2,,0,0,,
56.2,03:15:50,100,100,55,50,110.12,1278,3004,3479,P2,35.0,4.3,1.23,35.0,0.43,13.7,,0,0,,
57.3,03:15:51,100,100,55,50,110.21,1278,3004,3479,P2,35.0,4.31,1.37,35.0,0.43,14.4,,0,0,,
58.3,03:15:52,100,100,55,49,110.12,1278,3004,3479,P2,35.0,4.33,1.37,34.0,0.43,14.5,,0,0,,
59.3,03:15:53,100,100,55,48,110.02,1278,3004,3479,P2,34.0,4.3,1.37,34.0,0.43,14.0,,0,0,,
60.3,03:15:54,100,100,55,47,110.12,1278,3004,3479,P2,35.0,4.32,1.37,35.0,0.43,13.7,,0,0,,
61.3,03:15:55,100,100,55,46,110.12,1278,3004,3479,P2,36.0,4.31,1.37,37.0,0.43,15.8,,0,0,,
62.4,03:15:56,100,100,55,46,110.02,1278,3004,3479,P2,36.0,4.31,1.34,35.0,0.43,14.0,,0,0,,
63.4,03:15:57,100,100,55,45,111.89,1278,3004,3482,P2,35.0,4.31,1.34,36.0,0.43,13.9,,0,0,,
64.4,03:15:58,100,100,55,45,111.98,1278,3004,3482,P2,35.0,4.3,1.34,34.0,0.43,14.2,,0,0,,
65.4,03:15:59,100,100,55,45,111.99,1278,3004,3482,P2,36.0,4.29,1.34,36.0,0.43,14.2,,0,0,,
66.5,03:16:00,100,100,55,44,111.99,1278,3004,3482,P2,36.0,4.31,1.34,35.0,0.43,14.1,,0,0,,
67.5,03:16:01,99,100,55,44,112.08,1278,3004,3482,P2,35.0,4.3,1.31,35.0,0.43,14.6,,0,0,,
68.5,03:16:02,100,100,55,44,112.08,1278,3004,3482,P2,36.0,4.28,1.31,36.0,0.43,14.3,,0,0,,
69.5,03:16:03,100,100,55,44,112.08,1278,3004,3482,P2,36.0,4.29,1.31,35.0,0.43,14.1,,0,0,,
70.5,03:16:04,100,100,55,44,112.08,1278,3004,3482,P2,36.0,4.27,1.31,35.0,0.43,14.1,,0,0,,
71.6,03:16:05,100,100,56,44,118.39,1278,3004,1944,P2,36.0,4.27,1.31,35.0,0.43,13.3,,0,0,,
72.6,03:16:06,100,100,56,44,118.48,1278,3004,1944,P2,35.0,4.29,1.29,35.0,0.43,13.6,,0,0,,
73.6,03:16:07,100,100,56,44,118.58,1278,3004,1944,P2,36.0,4.31,1.29,35.0,0.43,14.3,,0,0,,
74.6,03:16:08,100,100,56,44,118.58,1278,3004,1944,P2,35.0,4.28,1.29,35.0,0.43,14.1,,0,0,,
75.6,03:16:09,100,100,56,44,118.58,1278,3004,1944,P2,35.0,4.27,1.29,35.0,0.43,13.6,,0,0,,
76.7,03:16:10,100,100,56,44,118.67,1278,3004,1944,P2,35.0,4.28,1.29,35.0,0.43,13.9,,0,0,,
77.7,03:16:11,100,100,56,44,118.58,1278,3004,1944,P2,36.0,4.28,1.27,35.0,0.43,14.3,,0,0,,
78.7,03:16:12,100,100,56,44,118.67,1278,3004,1944,P2,34.0,4.29,1.27,35.0,0.43,13.9,,0,0,,
79.7,03:16:13,99,100,56,44,114.71,1278,3004,1946,P2,34.0,4.28,1.27,35.0,0.43,14.3,,0,0,,
80.7,03:16:14,99,100,56,44,114.81,1278,3004,1946,P2,34.0,4.27,1.27,34.0,0.43,13.9,,0,0,,
81.8,03:16:15,99,100,56,44,114.74,1278,3004,1946,P2,35.0,4.28,1.27,35.0,0.43,14.1,,0,0,,
82.8,03:16:16,99,100,56,44,114.81,1278,3004,1946,P2,35.0,4.29,1.24,35.0,0.43,14.1,,0,0,,
83.8,03:16:17,99,100,56,44,114.90,1278,3004,1946,P2,34.0,4.31,1.24,34.0,0.43,14.3,,0,0,,
84.8,03:16:18,99,100,56,44,114.71,1278,3004,1946,P2,34.0,4.32,1.24,34.0,0.43,13.9,,0,0,,
85.8,03:16:19,99,100,56,44,114.90,1278,3004,1946,P2,34.0,4.31,1.24,34.0,0.43,14.0,,0,0,,
86.9,03:16:20,99,100,56,44,114.90,1278,3004,1946,P2,35.0,4.3,1.22,35.0,0.43,14.0,,0,0,,
87.9,03:16:21,0,0,54,45,66.63,1278,3505,339,P0,33.0,4.12,1.22,33.0,0.43,21.0,,0,0,,
88.9,03:16:22,0,0,54,45,66.49,1278,3004,401,P2,33.0,4.25,1.22,32.0,0.43,14.2,,0,0,,
89.9,03:16:23,100,9,54,44,65.09,1278,3004,2451,P2,35.0,5.27,1.22,35.0,0.43,14.1,,0,0,,
91.0,03:16:24,100,9,54,44,64.92,1278,3004,2451,P2,34.0,5.28,1.22,34.0,0.43,15.4,,0,0,,
92.0,03:16:25,100,9,54,44,64.92,1278,3004,2451,P2,35.0,5.27,1.21,36.0,0.43,14.4,,0,0,,
93.0,03:16:27,100,9,53,44,65.00,1278,3004,2451,P2,35.0,5.29,1.21,35.0,0.43,14.2,,0,0,,
94.0,03:16:28,100,9,53,44,64.92,1278,3004,2451,P2,33.0,5.3,1.21,33.0,0.43,13.8,,0,0,,
95.0,03:16:29,100,9,53,44,64.92,1278,3004,2451,P2,35.0,5.27,1.21,35.0,0.43,14.0,,0,0,,
96.1,03:16:30,100,9,53,44,64.91,1278,3004,2451,P2,34.0,5.29,1.21,35.0,0.43,14.4,,0,0,,
97.1,03:16:31,100,9,53,44,64.72,1278,3004,2451,P2,35.0,5.28,1.19,35.0,0.43,14.1,,0,0,,
98.1,03:16:32,100,8,53,44,65.26,1278,3004,2453,P2,35.0,6.32,1.19,35.0,0.43,14.8,,0,0,,
99.1,03:16:33,100,8,53,44,65.26,1278,3004,2453,P2,35.0,6.27,1.19,35.0,0.43,14.2,,0,0,,
100.2,03:16:34,100,8,53,44,65.29,1278,3004,2453,P2,35.0,6.29,1.19,35.0,0.43,13.6,,0,0,,
101.2,03:16:35,100,8,53,44,65.31,1278,3004,2453,P2,36.0,6.28,1.19,36.0,0.43,14.0,,0,0,,
102.2,03:16:36,100,8,52,44,65.28,1278,3004,2453,P2,35.0,6.28,1.17,35.0,0.43,14.2,,0,0,,
103.2,03:16:37,100,8,52,44,65.20,1278,3004,2453,P2,35.0,6.3,1.17,35.0,0.43,14.9,,0,0,,
104.2,03:16:38,100,8,52,43,65.10,1278,3004,2453,P2,34.0,6.29,1.17,35.0,0.43,14.6,,0,0,,
105.3,03:16:39,100,8,52,43,65.10,1278,3004,2453,P2,35.0,6.29,1.17,34.0,0.43,14.5,,0,0,,
106.3,03:16:40,0,0,52,42,63.81,1278,3004,2453,P2,33.0,6.28,1.17,33.0,0.43,13.9,,0,0,,
107.3,03:16:41,0,0,52,42,65.68,1278,3505,339,P0,34.0,4.22,1.16,34.0,0.43,23.4,,0,0,,
108.3,03:16:42,2,1,55,42,119.62,1278,3004,2526,P2,35.0,4.38,1.16,35.0,0.43,14.4,,0,0,,
109.3,03:16:43,100,100,58,41,156.83,1189,3004,2526,P2,35.0,4.33,1.16,35.0,0.43,13.9,,0,0,,
110.4,03:16:44,100,100,58,41,148.41,1177,3004,2526,P2,35.0,4.33,1.16,35.0,0.43,14.2,,0,0,,
111.4,03:16:45,100,100,58,41,152.02,1177,3004,2526,P2,35.0,4.34,1.16,35.0,0.43,14.3,,0,0,,
112.4,03:16:46,100,100,58,41,153.71,1177,3004,2526,P2,35.0,4.31,1.15,34.0,0.43,14.2,,0,0,,
113.4,03:16:47,100,100,59,42,150.97,1163,3004,2526,P2,34.0,4.31,1.15,34.0,0.43,14.9,,0,0,,
114.4,03:16:48,100,100,59,43,148.98,1163,3004,2526,P2,35.0,4.33,1.15,35.0,0.43,14.1,,0,0,,
115.5,03:16:49,100,100,60,45,151.97,1177,3004,2526,P2,35.0,4.31,1.15,35.0,0.43,13.9,,0,0,,
116.5,03:16:50,100,100,59,46,153.34,1177,3004,2526,P2,35.0,4.32,1.15,35.0,0.43,14.3,,0,0,,
117.5,03:16:51,100,100,60,47,152.97,1189,3004,2526,P2,35.0,4.33,1.21,35.0,0.43,14.2,,0,0,,
118.5,03:16:52,100,100,59,48,150.21,1177,3004,2526,P2,34.0,4.34,1.21,34.0,0.43,13.8,,0,0,,
119.6,03:16:53,100,100,60,48,151.55,1163,3004,2526,P2,35.0,4.33,1.21,35.0,0.43,15.5,,0,0,,
120.6,03:16:54,100,100,60,49,154.57,1163,3004,2526,P2,35.0,4.3,1.21,35.0,0.43,14.9,,0,0,,
121.6,03:16:55,100,100,61,49,151.06,1177,3004,2526,P2,34.0,4.28,1.21,34.0,0.43,13.9,,0,0,,
122.6,03:16:56,100,100,60,49,150.02,1177,3004,2526,P2,35.0,4.29,1.2,35.0,0.43,14.6,,0,0,,
123.6,03:16:57,0,0,56,50,57.18,1177,3004,2526,P2,34.0,4.25,1.2,34.0,0.43,14.5,,0,0,,
124.7,03:16:58,0,0,55,50,66.84,1278,3505,339,P0,33.0,4.15,1.2,34.0,0.43,20.3,,0,0,,
125.7,03:16:59,91,25,55,50,71.72,1278,3004,3770,P2,28.0,4.34,1.2,28.0,0.43,12.4,,0,0,,
126.7,03:17:00,0,0,54,50,65.22,1278,3004,1429,P2,27.0,3.99,1.2,27.0,0.43,15.6,,0,0,,
127.7,03:17:01,0,0,54,50,66.68,1278,3505,339,P0,34.0,4.2,1.18,34.0,0.43,21.8,,0,0,,
128.7,03:17:02,0,0,54,49,66.53,1278,3505,339,P0,34.0,4.08,1.18,34.0,0.43,14.5,,0,0,,
129.8,03:17:03,0,0,53,48,47.29,847,3004,339,P2,32.0,4.22,1.18,33.0,0.43,20.9,,0,0,,
130.8,03:17:04,100,50,59,46,157.48,1189,3004,1428,P2,36.0,4.36,1.18,36.0,0.43,13.7,,0,0,,
131.8,03:17:05,100,51,60,45,153.10,1189,3004,1428,P2,36.0,4.35,1.18,36.0,0.43,14.7,,0,0,,
132.8,03:17:06,100,51,60,44,153.54,1189,3004,1428,P2,35.0,4.37,1.17,35.0,0.43,15.5,,0,0,,
133.9,03:17:07,100,60,60,46,153.35,1189,3004,1428,P2,36.0,4.33,1.17,36.0,0.43,13.6,,0,0,,
134.9,03:17:08,100,51,61,47,152.97,1189,3004,1428,P2,35.0,4.34,1.17,35.0,0.43,14.7,,0,0,,
135.9,03:17:09,100,51,61,48,151.96,1177,3004,1430,P2,36.0,4.34,1.17,35.0,0.43,16.3,,0,0,,
136.9,03:17:10,100,50,61,49,153.35,1189,3004,1430,P2,36.0,4.35,1.15,35.0,0.43,14.0,,0,0,,
137.9,03:17:11,100,51,61,50,153.63,1189,3004,1425,P2,35.0,4.35,1.15,36.0,0.43,14.1,,0,0,,
139.0,03:17:12,100,50,61,51,149.62,1177,3004,1425,P2,35.0,4.31,1.15,35.0,0.43,14.1,,0,0,,
140.0,03:17:14,100,53,61,51,149.78,1177,3004,1425,P2,36.0,4.33,1.15,36.0,0.43,13.7,,0,0,,
141.0,03:17:15,100,51,61,51,149.97,1177,3004,1425,P2,35.0,4.33,1.15,35.0,0.43,14.4,,0,0,,
142.0,03:17:16,100,51,61,51,149.08,1177,3004,1425,P2,35.0,4.31,1.14,35.0,0.43,14.2,,0,0,,
143.0,03:17:17,100,50,62,52,150.04,1177,3004,1425,P2,35.0,4.31,1.14,35.0,0.43,14.1,,0,0,,
144.1,03:17:18,100,50,62,52,149.65,1177,3004,1425,P2,35.0,4.3,1.14,35.0,0.43,14.1,,0,0,,
145.1,03:17:19,100,50,62,52,149.62,1177,3004,1425,P2,35.0,4.28,1.14,35.0,0.43,14.4,,0,0,,
146.1,03:17:20,100,50,62,52,153.35,1189,3004,1425,P2,34.0,4.29,1.14,34.0,0.43,13.7,,0,0,,
147.1,03:17:21,100,50,62,52,149.81,1177,3004,1425,P2,34.0,4.27,1.13,34.0,0.43,14.2,,0,0,,
148.1,03:17:22,100,59,62,52,149.78,1177,3004,1425,P2,35.0,4.31,1.13,35.0,0.43,15.0,,0,0,,
149.2,03:17:23,100,50,62,53,149.91,1177,3004,1425,P2,35.0,4.32,1.13,35.0,0.43,14.0,,0,0,,
150.2,03:17:24,100,50,62,53,150.06,1177,3004,1425,P2,35.0,4.29,1.13,35.0,0.43,14.1,,0,0,,
151.2,03:17:25,100,50,62,54,150.06,1177,3004,1425,P2,35.0,4.3,1.13,35.0,0.43,14.2,,0,0,,
152.2,03:17:26,100,50,63,54,150.25,1177,3004,1425,P2,35.0,4.27,1.12,35.0,0.43,13.6,,0,0,,
153.3,03:17:27,100,50,63,54,150.06,1177,3004,1425,P2,35.0,4.28,1.12,35.0,0.43,14.3,,0,0,,
154.3,03:17:28,100,50,62,55,149.78,1177,3004,1425,P2,35.0,4.3,1.12,35.0,0.43,14.3,,0,0,,
155.3,03:17:29,100,59,63,55,150.10,1177,3004,1425,P2,34.0,4.3,1.12,34.0,0.43,13.7,,0,0,,
156.3,03:17:30,100,50,63,55,150.29,1177,3004,1425,P2,35.0,4.29,1.12,35.0,0.43,14.0,,0,0,,
157.3,03:17:31,100,50,63,55,149.88,1177,3004,1425,P2,35.0,4.31,1.11,35.0,0.43,14.2,,0,0,,
158.4,03:17:32,100,50,63,55,150.45,1177,3004,1425,P2,35.0,4.3,1.11,35.0,0.43,13.8,,0,0,,
159.4,03:17:33,100,50,63,55,150.15,1177,3004,1425,P2,34.0,4.3,1.11,34.0,0.43,14.2,,0,0,,
160.4,03:17:34,100,50,63,55,150.82,1177,3004,1425,P2,34.0,4.29,1.11,34.0,0.43,14.7,,0,0,,
161.4,03:17:35,100,50,63,55,150.06,1177,3004,1425,P2,35.0,4.29,1.11,35.0,0.43,13.8,,0,0,,
162.4,03:17:36,100,58,63,55,150.36,1177,3004,1425,P2,35.0,4.27,1.1,34.0,0.43,14.0,,0,0,,
163.5,03:17:37,100,50,63,55,150.82,1177,3004,1425,P2,36.0,4.29,1.1,36.0,0.43,14.6,,0,0,,
164.5,03:17:38,100,50,63,55,150.34,1177,3004,1425,P2,35.0,4.29,1.1,35.0,0.43,13.7,,0,0,,
165.5,03:17:39,100,50,63,55,150.25,1177,3004,1425,P2,34.0,4.3,1.1,34.0,0.43,14.5,,0,0,,
166.5,03:17:40,100,50,63,55,150.15,1177,3004,1423,P2,34.0,4.29,1.1,34.0,0.43,15.3,,0,0,,
167.5,03:17:41,100,50,63,55,150.06,1177,3004,1423,P2,35.0,4.29,1.09,35.0,0.43,14.0,,0,0,,
168.6,03:17:42,100,50,63,55,150.36,1177,3004,1423,P2,34.0,4.3,1.09,35.0,0.43,14.1,,0,0,,
169.6,03:17:43,100,49,63,55,150.25,1177,3004,1423,P2,35.0,4.29,1.09,35.0,0.43,14.1,,0,0,,
170.6,03:17:44,100,57,63,55,150.29,1189,3004,1423,P2,35.0,4.3,1.09,35.0,0.43,13.8,,0,0,,
171.6,03:17:45,100,50,64,55,150.25,1177,3004,1423,P2,35.0,4.31,1.09,35.0,0.43,14.1,,0,0,,
172.6,03:17:46,100,50,64,55,150.44,1177,3004,1423,P2,34.0,4.32,1.08,34.0,0.43,14.1,,0,0,,
173.7,03:17:47,100,50,64,55,150.19,1177,3004,1423,P2,35.0,4.35,1.08,35.0,0.43,14.5,,0,0,,
174.7,03:17:48,100,50,64,56,150.63,1177,3004,1423,P2,34.0,4.34,1.08,34.0,0.43,14.1,,0,0,,
175.7,03:17:49,100,50,64,57,150.25,1177,3004,1423,P2,34.0,4.31,1.08,34.0,0.43,14.1,,0,0,,
176.7,03:17:50,100,59,64,57,150.25,1177,3004,1423,P2,34.0,4.28,1.08,35.0,0.43,13.9,,0,0,,
177.7,03:17:51,100,50,64,57,150.85,1177,3004,1423,P2,33.0,4.31,1.32,33.0,0.43,14.1,,0,0,,
178.8,03:17:52,100,50,64,57,151.01,1177,3004,1423,P2,35.0,4.32,1.32,35.0,0.43,14.6,,0,0,,
179.8,03:17:53,100,50,64,58,150.72,1177,3004,1423,P2,35.0,4.33,1.32,33.0,0.43,13.6,,0,0,,
180.8,03:17:54,100,50,64,58,150.34,1177,3004,1423,P2,35.0,4.31,1.32,35.0,0.43,14.4,,0,0,,
181.8,03:17:55,100,50,64,58,150.72,1177,3004,1423,P2,34.0,4.29,1.32,34.0,0.43,14.2,,0,0,,
182.9,03:17:56,100,50,64,58,150.72,1177,3004,1423,P2,35.0,4.29,1.29,35.0,0.43,13.8,,0,0,,
183.9,03:17:57,100,58,64,58,150.34,1177,3004,1423,P2,35.0,4.3,1.29,35.0,0.43,14.3,,0,0,,
184.9,03:17:58,100,50,64,58,150.72,1177,3004,1423,P2,34.0,4.3,1.29,34.0,0.43,16.7,,0,0,,
185.9,03:17:59,100,50,64,58,150.82,1177,3004,1423,P2,34.0,4.31,1.29,34.0,0.43,13.6,,0,0,,
186.9,03:18:00,100,50,64,58,150.34,1177,3004,1423,P2,36.0,4.29,1.27,36.0,0.43,14.2,,0,0,,
188.0,03:18:01,100,50,64,58,150.66,1177,3004,1423,P2,36.0,4.26,1.27,36.0,0.43,14.5,,0,0,,
189.0,03:18:03,100,50,64,58,150.92,1177,3004,1423,P2,37.0,4.25,1.27,37.0,0.43,14.3,,0,0,,
190.0,03:18:04,100,50,64,58,150.82,1177,3004,1423,P2,36.0,4.26,1.27,36.0,0.43,14.1,,0,0,,
191.0,03:18:05,100,56,64,58,150.97,1177,3004,1423,P2,37.0,4.28,1.27,37.0,0.43,14.5,,0,0,,
192.0,03:18:06,100,50,64,58,150.82,1177,3004,1423,P2,37.0,4.26,1.25,36.0,0.43,15.5,,0,0,,
193.1,03:18:07,100,50,64,58,150.44,1177,3004,1423,P2,36.0,4.28,1.25,38.0,0.43,14.7,,0,0,,
194.1,03:18:08,100,50,64,58,151.10,1177,3004,1423,P2,37.0,4.26,1.25,37.0,0.43,14.2,,0,0,,
195.1,03:18:09,100,50,64,58,151.40,1177,3004,1423,P2,36.0,4.28,1.25,36.0,0.43,14.0,,0,0,,
196.1,03:18:10,100,50,64,58,150.72,1177,3004,1423,P2,36.0,4.24,1.25,36.0,0.43,14.5,,0,0,,
197.1,03:18:11,100,50,64,58,150.82,1177,3004,1423,P2,36.0,4.26,1.31,36.0,0.43,14.7,,0,0,,
198.2,03:18:12,100,50,64,58,150.72,1177,3004,1423,P2,36.0,4.26,1.31,36.0,0.43,14.4,,0,0,,
199.2,03:18:13,100,59,65,58,150.98,1177,3004,1423,P2,36.0,4.25,1.31,36.0,0.43,14.1,,0,0,,
200.2,03:18:14,100,50,64,58,150.75,1177,3004,1423,P2,37.0,4.25,1.31,37.0,0.43,14.4,,0,0,,
201.2,03:18:15,100,50,65,58,151.06,1177,3004,1423,P2,36.0,4.24,1.31,36.0,0.43,13.9,,0,0,,
202.3,03:18:16,100,50,65,58,150.78,1177,3004,1423,P2,35.0,4.24,1.28,35.0,0.43,14.0,,0,0,,
203.3,03:18:17,100,50,65,58,151.17,1177,3004,1423,P2,36.0,4.25,1.28,36.0,0.43,14.6,,0,0,,
204.3,03:18:18,100,50,65,58,151.11,1177,3004,1423,P2,36.0,4.25,1.28,36.0,0.43,13.8,,0,0,,
205.3,03:18:19,100,59,64,58,150.91,1177,3004,1423,P2,36.0,4.27,1.28,36.0,0.43,14.1,,0,0,,
206.3,03:18:20,100,59,65,58,151.29,1177,3004,1423,P2,37.0,4.25,1.28,37.0,0.43,14.2,,0,0,,
207.4,03:18:21,100,50,65,58,151.06,1177,3004,1423,P2,36.0,4.27,1.26,35.0,0.43,13.9,,0,0,,
208.4,03:18:22,100,50,65,58,151.10,1177,3004,1423,P2,37.0,4.25,1.26,37.0,0.43,14.1,,0,0,,
209.4,03:18:23,100,50,65,58,150.72,1177,3004,1423,P2,36.0,4.25,1.26,36.0,0.43,14.1,,0,0,,
210.4,03:18:24,100,50,65,58,151.10,1177,3004,1423,P2,36.0,4.25,1.26,36.0,0.43,14.0,,0,0,,
211.4,03:18:25,100,50,65,58,151.41,1177,3004,1423,P2,35.0,4.25,1.26,35.0,0.43,14.1,,0,0,,
212.5,03:18:26,100,49,65,58,150.87,1177,3004,1423,P2,35.0,4.27,1.24,35.0,0.43,14.1,,0,0,,
213.5,03:18:27,100,53,65,58,151.04,1177,3004,1423,P2,36.0,4.23,1.24,36.0,0.43,14.6,,0,0,,
214.5,03:18:28,100,50,65,58,150.91,1177,3004,1423,P2,33.0,4.27,1.24,33.0,0.43,13.7,,0,0,,
215.5,03:18:29,100,50,65,58,150.25,1177,3004,1423,P2,36.0,4.26,1.24,37.0,0.43,14.2,,0,0,,
216.5,03:18:30,100,50,65,58,151.19,1177,3004,1423,P2,37.0,4.23,1.24,37.0,0.43,14.2,,0,0,,
217.6,03:18:31,100,50,65,58,150.91,1177,3004,1423,P2,36.0,4.26,1.22,36.0,0.43,14.0,,0,0,,
218.6,03:18:32,100,50,65,58,150.44,1177,3004,1423,P2,36.0,4.26,1.22,36.0,0.43,14.2,,0,0,,
219.6,03:18:33,100,49,65,58,150.59,1177,3004,1423,P2,36.0,4.26,1.22,36.0,0.43,14.2,,0,0,,
220.6,03:18:34,100,59,65,58,150.82,1177,3004,1423,P2,36.0,4.26,1.22,36.0,0.43,13.7,,0,0,,
221.6,03:18:35,100,50,65,58,150.72,1177,3004,1423,P2,36.0,4.24,1.22,35.0,0.43,14.4,,0,0,,
222.7,03:18:36,100,50,65,58,151.09,1177,3004,1423,P2,36.0,4.25,1.2,36.0,0.43,14.5,,0,0,,
223.7,03:18:37,100,50,65,58,150.72,1177,3004,1423,P2,35.0,4.27,1.2,34.0,0.43,14.1,,0,0,,
224.7,03:18:38,100,51,65,58,150.72,1177,3004,1423,P2,36.0,4.28,1.2,35.0,0.43,14.1,,0,0,,
225.7,03:18:39,100,50,65,58,150.53,1177,3004,1423,P2,37.0,4.26,1.2,36.0,0.43,14.5,,0,0,,
226.8,03:18:40,100,49,65,58,150.66,1177,3004,1423,P2,37.0,4.26,1.2,36.0,0.43,13.6,,0,0,,
227.8,03:18:41,100,59,65,58,150.75,1177,3004,1423,P2,36.0,4.23,1.19,36.0,0.43,14.7,,0,0,,
228.8,03:18:42,100,50,65,58,150.85,1177,3004,1423,P2,37.0,4.27,1.19,37.0,0.43,14.7,,0,0,,
229.8,03:18:43,100,50,65,58,150.75,1177,3004,1423,P2,36.0,4.29,1.19,36.0,0.43,14.2,,0,0,,
230.8,03:18:44,100,50,65,58,150.78,1177,3004,1423,P2,35.0,4.28,1.19,35.0,0.43,13.9,,0,0,,
231.9,03:18:45,100,50,65,58,151.13,1177,3004,1423,P2,36.0,4.27,1.19,36.0,0.43,14.4,,0,0,,
232.9,03:18:46,100,50,65,58,150.82,1177,3004,1423,P2,37.0,4.26,1.17,37.0,0.43,13.9,,0,0,,
233.9,03:18:47,100,50,65,58,151.01,1177,3004,1423,P2,36.0,4.24,1.17,37.0,0.43,14.5,,0,0,,
234.9,03:18:48,100,59,65,58,151.04,1177,3004,1423,P2,37.0,4.27,1.17,37.0,0.43,13.9,,0,0,,
235.9,03:18:49,100,50,65,58,151.00,1177,3004,1423,P2,36.0,4.25,1.17,36.0,0.43,14.0,,0,0,,
237.0,03:18:50,100,50,65,58,151.19,1177,3004,1423,P2,36.0,4.25,1.16,36.0,0.43,14.2,,0,0,,
238.0,03:18:52,100,50,65,58,151.28,1177,3004,1423,P2,36.0,4.26,1.16,36.0,0.43,14.6,,0,0,,
239.0,03:18:53,100,50,65,58,151.09,1177,3004,1423,P2,38.0,4.25,1.16,38.0,0.43,13.8,,0,0,,
240.0,03:18:54,100,50,65,58,151.23,1177,3004,1423,P2,37.0,4.25,1.16,37.0,0.43,14.2,,0,0,,
241.0,03:18:55,100,53,65,58,151.11,1177,3004,1423,P2,37.0,4.27,1.16,37.0,0.43,14.1,,0,0,,
242.1,03:18:56,100,50,65,58,151.13,1177,3004,1423,P2,36.0,4.27,1.22,38.0,0.43,14.0,,0,0,,
243.1,03:18:57,100,50,65,58,150.98,1177,3004,1423,P2,37.0,4.27,1.22,37.0,0.43,14.4,,0,0,,
244.1,03:18:58,100,50,65,58,150.60,1177,3004,1423,P2,37.0,4.27,1.22,36.0,0.43,14.2,,0,0,,
245.1,03:18:59,100,51,65,58,151.41,1177,3004,1423,P2,36.0,4.25,1.22,36.0,0.43,13.9,,0,0,,
246.2,03:19:00,100,50,65,58,150.21,1177,3004,1423,P2,37.0,4.28,1.22,37.0,0.43,14.1,,0,0,,
247.2,03:19:01,100,50,65,58,150.90,1177,3004,1423,P2,36.0,4.23,1.21,36.0,0.43,14.0,,0,0,,
248.2,03:19:02,100,50,65,58,151.28,1177,3004,1423,P2,37.0,4.26,1.21,37.0,0.43,14.0,,0,0,,
249.2,03:19:03,100,59,65,58,151.13,1177,3004,1423,P2,37.0,4.27,1.21,37.0,0.43,15.3,,0,0,,
250.2,03:19:04,100,51,65,58,150.25,1177,3004,1423,P2,36.0,4.26,1.21,36.0,0.43,14.4,,0,0,,
251.3,03:19:05,100,50,65,58,150.78,1177,3004,1423,P2,38.0,4.25,1.21,37.0,0.43,14.0,,0,0,,
252.3,03:19:06,100,50,66,58,151.04,1177,3004,1423,P2,38.0,4.27,1.19,37.0,0.43,14.0,,0,0,,
253.3,03:19:07,100,50,66,58,151.23,1177,3004,1423,P2,37.0,4.25,1.19,37.0,0.43,14.8,,0,0,,
254.3,03:19:08,100,50,65,58,151.01,1177,3004,1423,P2,36.0,4.27,1.19,36.0,0.43,14.1,,0,0,,
255.3,03:19:09,100,49,66,58,151.36,1177,3004,1423,P2,36.0,4.29,1.19,36.0,0.43,14.0,,0,0,,
256.4,03:19:10,100,59,65,58,150.87,1177,3004,1423,P2,37.0,4.29,1.19,37.0,0.43,14.0,,0,0,,
257.4,03:19:11,100,50,65,58,150.06,1177,3004,1423,P2,37.0,4.26,1.17,37.0,0.43,13.8,,0,0,,
258.4,03:19:12,100,50,65,58,150.82,1177,3004,1423,P2,37.0,4.27,1.17,37.0,0.43,14.5,,0,0,,
259.4,03:19:13,100,50,66,58,151.04,1177,3004,1423,P2,36.0,4.27,1.17,37.0,0.43,14.7,,0,0,,
260.4,03:19:14,100,50,66,58,150.94,1177,3004,1423,P2,38.0,4.29,1.17,38.0,0.43,13.6,,0,0,,
261.5,03:19:15,100,50,66,58,151.13,1177,3004,1423,P2,36.0,4.25,1.17,36.0,0.43,14.2,,0,0,,
262.5,03:19:16,100,49,66,58,150.71,1177,3004,1423,P2,36.0,4.23,1.16,36.0,0.43,14.1,,0,0,,
263.5,03:19:17,100,59,66,58,151.19,1177,3004,1423,P2,37.0,4.27,1.16,36.0,0.43,14.6,,0,0,,
264.5,03:19:18,100,50,66,59,151.19,1177,3004,1423,P2,37.0,4.25,1.16,36.0,0.43,14.3,,0,0,,
265.5,03:19:19,100,50,66,59,151.19,1177,3004,1423,P2,35.0,4.24,1.16,35.0,0.43,14.0,,0,0,,
266.6,03:19:20,100,50,66,60,150.90,1177,3004,1423,P2,36.0,4.24,1.16,36.0,0.43,13.6,,0,0,,
267.6,03:19:21,100,51,66,60,151.13,1177,3004,1423,P2,36.0,4.23,1.23,36.0,0.43,14.5,,0,0,,
268.6,03:19:22,100,49,66,60,151.04,1177,3004,1423,P2,35.0,4.26,1.23,35.0,0.43,14.2,,0,0,,
269.6,03:19:23,100,58,66,61,151.07,1177,3004,1423,P2,36.0,4.29,1.23,36.0,0.43,13.8,,0,0,,
270.7,03:19:24,100,58,66,61,151.41,1177,3004,1423,P2,36.0,4.26,1.23,36.0,0.43,14.3,,0,0,,
271.7,03:19:25,100,50,66,61,151.47,1177,3004,1423,P2,37.0,4.28,1.23,37.0,0.43,14.4,,0,0,,
272.7,03:19:26,100,51,66,61,151.32,1177,3004,1423,P2,35.0,4.25,1.21,35.0,0.43,13.5,,0,0,,
273.7,03:19:27,100,50,66,61,151.19,1177,3004,1423,P2,36.0,4.26,1.21,36.0,0.43,14.8,,0,0,,
274.7,03:19:28,100,50,66,61,150.81,1177,3004,1423,P2,35.0,4.27,1.21,36.0,0.43,13.8,,0,0,,
275.8,03:19:29,100,50,66,61,151.47,1177,3004,1423,P2,37.0,4.25,1.21,37.0,0.43,13.8,,0,0,,
276.8,03:19:30,100,50,66,61,151.28,1177,3004,1423,P2,36.0,4.27,1.21,37.0,0.43,14.1,,0,0,,
277.8,03:19:31,100,54,66,61,151.47,1177,3004,1423,P2,37.0,4.28,1.19,37.0,0.43,14.3,,0,0,,
278.8,03:19:32,100,51,65,61,151.47,1177,3004,1423,P2,37.0,4.26,1.19,37.0,0.43,14.0,,0,0,,
279.8,03:19:33,100,50,65,61,151.41,1177,3004,1423,P2,38.0,4.23,1.19,38.0,0.43,14.0,,0,0,,
280.9,03:19:34,100,51,66,61,151.41,1177,3004,1423,P2,36.0,4.24,1.19,36.0,0.43,13.8,,0,0,,
281.9,03:19:35,100,50,66,61,151.55,1177,3004,1423,P2,37.0,4.25,1.34,37.0,0.43,13.8,,0,0,,
282.9,03:19:36,100,50,65,61,151.28,1177,3004,1423,P2,37.0,4.25,1.34,37.0,0.43,14.1,,0,0,,
283.9,03:19:37,100,49,65,61,151.23,1177,3004,1423,P2,36.0,4.26,1.34,36.0,0.43,14.8,,0,0,,
284.9,03:19:38,100,59,66,61,151.32,1177,3004,1423,P2,37.0,4.29,1.34,37.0,0.43,14.0,,0,0,,
286.0,03:19:39,100,50,65,61,150.15,1177,3004,1423,P2,36.0,4.28,1.34,36.0,0.43,14.4,,0,0,,
287.0,03:19:41,100,50,65,61,151.19,1177,3004,1423,P2,36.0,4.27,1.31,36.0,0.43,13.8,,0,0,,
288.0,03:19:42,100,50,65,61,151.19,1177,3004,1423,P2,36.0,4.26,1.31,36.0,0.43,13.8,,0,0,,
289.0,03:19:43,100,50,65,61,151.32,1177,3004,1423,P2,36.0,4.27,1.31,37.0,0.43,14.3,,0,0,,
290.0,03:19:44,100,50,65,61,151.13,1177,3004,1423,P2,37.0,4.25,1.31,36.0,0.43,14.7,,0,0,,
291.1,03:19:45,100,50,65,61,151.19,1177,3004,1423,P2,36.0,4.28,1.31,36.0,0.43,14.3,,0,0,,
292.1,03:19:46,100,59,65,61,151.13,1177,3004,1423,P2,36.0,4.24,1.28,36.0,0.43,14.7,,0,0,,
293.1,03:19:47,100,50,65,61,150.75,1177,3004,1423,P2,36.0,4.26,1.28,36.0,0.43,14.5,,0,0,,
294.1,03:19:48,100,50,65,61,151.57,1177,3004,1423,P2,36.0,4.26,1.28,36.0,0.43,14.1,,0,0,,
295.2,03:19:49,100,50,66,61,151.10,1177,3004,1423,P2,36.0,4.25,1.28,36.0,0.43,14.0,,0,0,,
296.2,03:19:50,100,50,65,61,151.23,1177,3004,1423,P2,37.0,4.26,1.28,37.0,0.43,14.2,,0,0,,
297.2,03:19:51,100,50,65,61,151.51,1177,3004,1423,P2,36.0,4.29,1.26,36.0,0.43,13.7,,0,0,,
298.2,03:19:52,100,50,65,61,151.23,1177,3004,1423,P2,35.0,4.25,1.26,35.0,0.43,14.3,,0,0,,
299.2,03:19:53,100,58,65,61,151.20,1177,3004,1423,P2,36.0,4.26,1.26,36.0,0.43,14.3,,0,0,,
300.3,03:19:54,100,50,65,61,150.44,1177,3004,1423,P2,35.0,4.26,1.26,35.0,0.43,13.8,,0,0,,
301.3,03:19:55,100,50,65,61,150.90,1177,3004,1423,P2,35.0,4.25,1.26,35.0,0.43,14.1,,0,0,,
302.3,03:19:56,100,50,65,61,150.90,1177,3004,1423,P2,36.0,4.26,1.24,36.0,0.43,14.0,,0,0,,
303.3,03:19:57,100,50,65,61,151.00,1177,3004,1423,P2,36.0,4.27,1.24,36.0,0.43,13.8,,0,0,,
304.3,03:19:58,100,50,65,61,151.28,1177,3004,1423,P2,37.0,4.29,1.24,36.0,0.43,14.4,,0,0,,
305.4,03:19:59,100,50,65,61,151.57,1177,3004,1423,P2,36.0,4.29,1.24,36.0,0.43,13.9,,0,0,,
306.4,03:20:00,100,53,65,61,150.94,1177,3004,1423,P2,37.0,4.27,1.24,37.0,0.43,13.8,,0,0,,
307.4,03:20:01,100,50,65,61,150.22,1177,3004,1423,P2,36.0,4.26,1.22,36.0,0.43,14.3,,0,0,,
308.4,03:20:02,100,50,65,61,151.19,1177,3004,1423,P2,35.0,4.28,1.22,35.0,0.43,14.5,,0,0,,
309.4,03:20:03,100,50,65,61,150.85,1177,3004,1423,P2,36.0,4.28,1.22,36.0,0.43,13.8,,0,0,,
310.5,03:20:04,100,50,65,61,151.41,1177,3004,1423,P2,36.0,4.28,1.22,36.0,0.43,14.4,,0,0,,
311.5,03:20:05,100,50,65,61,151.19,1177,3004,1423,P2,37.0,4.27,1.22,37.0,0.43,13.9,,0,0,,
312.5,03:20:06,100,50,65,61,151.57,1177,3004,1423,P2,36.0,4.25,1.2,36.0,0.43,14.1,,0,0,,
313.5,03:20:07,100,59,65,61,151.09,1177,3004,1423,P2,38.0,4.26,1.2,38.0,0.43,14.2,,0,0,,
314.6,03:20:08,100,50,65,61,150.15,1177,3004,1423,P2,37.0,4.27,1.2,37.0,0.43,14.4,,0,0,,
315.6,03:20:09,100,50,65,61,151.32,1177,3004,1423,P2,36.0,4.28,1.2,37.0,0.43,14.3,,0,0,,
316.6,03:20:10,100,50,65,61,151.51,1177,3004,1423,P2,36.0,4.28,1.2,36.0,0.43,14.2,,0,0,,
317.6,03:20:11,100,50,65,61,151.13,1177,3004,1423,P2,36.0,4.29,1.19,36.0,0.43,14.1,,0,0,,
318.6,03:20:12,100,50,65,61,150.85,1177,3004,1423,P2,36.0,4.25,1.19,36.0,0.43,13.9,,0,0,,
319.7,03:20:13,100,50,65,61,151.32,1177,3004,1423,P2,36.0,4.27,1.19,36.0,0.43,13.8,,0,0,,
320.7,03:20:14,100,59,65,61,150.85,1177,3004,1423,P2,37.0,4.28,1.19,38.0,0.43,14.4,,0,0,,
321.7,03:20:15,100,50,65,61,150.75,1177,3004,1423,P2,37.0,4.26,1.19,37.0,0.43,14.5,,0,0,,
322.7,03:20:16,100,50,65,61,151.38,1177,3004,1423,P2,34.0,4.28,1.17,34.0,0.43,14.2,,0,0,,
323.7,03:20:17,100,50,65,61,151.66,1177,3004,1423,P2,36.0,4.24,1.17,36.0,0.43,14.4,,0,0,,
324.8,03:20:18,100,50,65,61,151.23,1177,3004,1423,P2,36.0,4.26,1.17,36.0,0.43,13.7,,0,0,,
325.8,03:20:19,100,50,65,61,151.19,1177,3004,1423,P2,36.0,4.24,1.17,36.0,0.43,14.0,,0,0,,
326.8,03:20:20,100,51,65,61,151.47,1177,3004,1423,P2,35.0,4.27,1.17,36.0,0.43,14.0,,0,0,,
327.8,03:20:21,100,59,65,61,151.38,1177,3004,1423,P2,37.0,4.27,1.16,37.0,0.43,14.1,,0,0,,
328.8,03:20:22,100,50,65,61,151.23,1177,3004,1423,P2,36.0,4.26,1.16,36.0,0.43,14.3,,0,0,,
329.9,03:20:23,100,50,65,61,151.60,1177,3004,1423,P2,37.0,4.25,1.16,37.0,0.43,14.2,,0,0,,
330.9,03:20:24,100,50,65,61,151.41,1177,3004,1423,P2,36.0,4.26,1.16,37.0,0.43,13.9,,0,0,,
331.9,03:20:25,100,50,65,61,151.13,1177,3004,1423,P2,36.0,4.25,1.14,36.0,0.43,14.2,,0,0,,
332.9,03:20:26,100,50,65,61,151.47,1177,3004,1423,P2,37.0,4.25,1.14,36.0,0.43,14.0,,0,0,,
333.9,03:20:27,100,49,65,61,151.04,1177,3004,1423,P2,36.0,4.29,1.14,36.0,0.43,14.0,,0,0,,
335.0,03:20:28,100,53,65,61,151.23,1177,3004,1423,P2,35.0,4.27,1.14,35.0,0.43,14.2,,0,0,,
336.0,03:20:30,100,50,65,61,151.70,1177,3004,1423,P2,36.0,4.26,1.14,36.0,0.43,14.1,,0,0,,
337.0,03:20:31,100,50,66,61,151.19,1177,3004,1423,P2,36.0,4.24,1.13,36.0,0.43,13.8,,0,0,,
338.0,03:20:32,100,50,66,61,151.19,1177,3004,1423,P2,36.0,4.26,1.13,36.0,0.43,14.5,,0,0,,
339.1,03:20:33,100,50,65,61,151.28,1177,3004,1423,P2,37.0,4.26,1.13,37.0,0.43,14.0,,0,0,,
340.1,03:20:34,100,50,65,61,151.09,1177,3004,1423,P2,37.0,4.25,1.13,36.0,0.43,14.1,,0,0,,
341.1,03:20:35,100,50,65,61,151.38,1177,3004,1423,P2,37.0,4.28,1.13,37.0,0.43,14.0,,0,0,,
342.1,03:20:36,100,59,65,61,151.28,1177,3004,1423,P2,37.0,4.26,1.12,37.0,0.43,14.2,,0,0,,
343.1,03:20:37,100,59,65,61,151.79,1177,3004,1423,P2,36.0,4.25,1.12,36.0,0.43,13.5,,0,0,,
344.2,03:20:38,100,50,65,61,151.47,1177,3004,1423,P2,35.0,4.28,1.12,35.0,0.43,14.3,,0,0,,
345.2,03:20:39,100,51,66,61,151.41,1177,3004,1423,P2,35.0,4.27,1.12,35.0,0.43,14.1,,0,0,,
346.2,03:20:40,100,50,65,61,151.35,1177,3004,1423,P2,36.0,4.24,1.12,36.0,0.43,14.1,,0,0,,
347.2,03:20:41,100,50,65,61,151.26,1177,3004,1423,P2,36.0,4.25,1.11,36.0,0.43,14.6,,0,0,,
348.2,03:20:42,100,50,65,61,150.94,1177,3004,1423,P2,36.0,4.26,1.11,36.0,0.43,14.5,,0,0,,
349.3,03:20:43,100,59,65,61,151.19,1177,3004,1423,P2,35.0,4.27,1.11,36.0,0.43,13.9,,0,0,,
350.3,03:20:44,100,50,65,61,150.71,1177,3004,1423,P2,35.0,4.29,1.11,35.0,0.43,14.3,,0,0,,
351.3,03:20:45,100,50,65,61,151.28,1177,3004,1423,P2,37.0,4.26,1.11,37.0,0.43,14.0,,0,0,,
352.3,03:20:46,100,50,65,61,151.09,1177,3004,1423,P2,36.0,4.27,1.1,36.0,0.43,13.9,,0,0,,
353.3,03:20:47,100,50,66,61,151.70,1177,3004,1423,P2,36.0,4.29,1.1,35.0,0.43,14.8,,0,0,,
354.4,03:20:48,100,50,65,61,150.90,1177,3004,1423,P2,35.0,4.26,1.1,35.0,0.43,14.6,,0,0,,
355.4,03:20:49,100,50,65,61,151.23,1177,3004,1423,P2,36.0,4.28,1.1,36.0,0.43,13.5,,0,0,,
356.4,03:20:50,100,59,65,61,151.51,1177,3004,1423,P2,36.0,4.25,1.1,36.0,0.43,14.1,,0,0,,
357.4,03:20:51,100,50,65,61,151.70,1177,3004,1423,P2,35.0,4.26,1.09,36.0,0.43,14.1,,0,0,,
358.4,03:20:52,100,50,65,61,151.23,1177,3004,1423,P2,35.0,4.27,1.09,35.0,0.43,13.8,,0,0,,
359.5,03:20:53,100,50,65,61,151.28,1177,3004,1423,P2,35.0,4.24,1.09,35.0,0.43,14.4,,0,0,,
360.5,03:20:54,100,50,66,61,151.70,1177,3004,1423,P2,36.0,4.27,1.09,36.0,0.43,14.2,,0,0,,
361.5,03:20:55,100,50,65,61,151.00,1177,3004,1423,P2,36.0,4.23,1.09,36.0,0.43,13.8,,0,0,,
362.5,03:20:56,100,50,65,61,151.19,1177,3004,1423,P2,35.0,4.27,1.09,35.0,0.43,14.2,,0,0,,
363.6,03:20:57,100,53,65,61,151.19,1177,3004,1423,P2,36.0,4.29,1.09,36.0,0.43,14.1,,0,0,,
364.6,03:20:58,100,50,65,61,151.70,1177,3004,1423,P2,36.0,4.28,1.09,36.0,0.43,14.2,,0,0,,
365.6,03:20:59,100,50,66,61,151.60,1177,3004,1423,P2,35.0,4.26,1.09,35.0,0.43,13.8,,0,0,,
366.6,03:21:00,100,50,65,61,150.94,1177,3004,1423,P2,37.0,4.28,1.09,37.0,0.43,15.2,,0,0,,
367.6,03:21:01,100,50,65,61,151.28,1177,3004,1423,P2,37.0,4.29,1.16,36.0,0.43,14.1,,0,0,,
368.7,03:21:02,100,51,66,61,151.66,1177,3004,1423,P2,35.0,4.28,1.16,35.0,0.43,14.2,,0,0,,
369.7,03:21:03,100,50,65,61,151.13,1177,3004,1423,P2,36.0,4.28,1.16,36.0,0.43,14.1,,0,0,,
370.7,03:21:04,100,50,65,61,151.66,1177,3004,1423,P2,36.0,4.28,1.16,36.0,0.43,14.0,,0,0,,
371.7,03:21:05,100,59,65,61,152.17,1177,3004,1423,P2,37.0,4.24,1.16,37.0,0.43,13.7,,0,0,,
372.7,03:21:06,100,51,65,61,151.47,1177,3004,1423,P2,36.0,4.26,1.15,36.0,0.43,14.5,,0,0,,
373.8,03:21:07,100,50,65,61,151.66,1177,3004,1423,P2,37.0,4.24,1.15,37.0,0.43,14.2,,0,0,,
374.8,03:21:08,100,50,65,61,151.28,1177,3004,1423,P2,36.0,4.26,1.15,36.0,0.43,13.6,,0,0,,
375.8,03:21:09,100,50,65,61,151.19,1177,3004,1423,P2,36.0,4.26,1.15,36.0,0.43,14.0,,0,0,,
376.8,03:21:10,100,50,65,61,151.47,1177,3004,1423,P2,37.0,4.27,1.15,37.0,0.43,13.9,,0,0,,
377.9,03:21:11,100,59,65,61,151.32,1177,3004,1423,P2,36.0,4.28,1.13,36.0,0.43,14.2,,0,0,,
378.9,03:21:12,100,50,65,61,151.32,1177,3004,1423,P2,36.0,4.28,1.13,36.0,0.43,14.6,,0,0,,
379.9,03:21:13,100,50,65,61,151.09,1177,3004,1423,P2,35.0,4.28,1.13,35.0,0.43,14.3,,0,0,,
380.9,03:21:14,100,50,66,61,151.38,1177,3004,1423,P2,35.0,4.28,1.13,35.0,0.43,13.8,,0,0,,
381.9,03:21:15,100,50,65,61,151.19,1177,3004,1423,P2,36.0,4.27,1.12,36.0,0.43,14.0,,0,0,,
383.0,03:21:16,100,50,65,61,151.19,1177,3004,1423,P2,35.0,4.28,1.12,35.0,0.43,14.2,,0,0,,
384.0,03:21:18,100,50,65,61,151.23,1177,3004,1423,P2,36.0,4.29,1.12,36.0,0.43,14.3,,0,0,,
385.0,03:21:19,100,59,65,61,151.23,1177,3004,1423,P2,36.0,4.25,1.12,36.0,0.43,14.5,,0,0,,
386.0,03:21:20,100,50,65,61,151.51,1177,3004,1423,P2,37.0,4.28,1.12,37.0,0.43,14.1,,0,0,,
387.0,03:21:21,100,50,65,61,151.28,1177,3004,1423,P2,36.0,4.26,1.11,36.0,0.43,13.8,,0,0,,
388.1,03:21:22,100,50,65,61,151.66,1177,3004,1423,P2,36.0,4.28,1.11,36.0,0.43,14.6,,0,0,,
389.1,03:21:23,100,50,65,61,150.90,1177,3004,1423,P2,38.0,4.28,1.11,38.0,0.43,14.5,,0,0,,
390.1,03:21:24,100,50,65,61,151.28,1177,3004,1423,P2,36.0,4.27,1.11,36.0,0.43,13.6,,0,0,,
391.1,03:21:25,100,50,65,61,151.13,1177,3004,1423,P2,36.0,4.27,1.11,36.0,0.43,17.4,,0,0,,
392.1,03:21:26,100,49,65,61,151.47,1177,3004,1423,P2,35.0,4.27,1.1,35.0,0.43,14.3,,0,0,,
393.2,03:21:27,100,55,66,61,151.70,1177,3004,1423,P2,36.0,4.27,1.1,36.0,0.43,14.0,,0,0,,
394.2,03:21:28,100,50,65,61,151.38,1177,3004,1423,P2,36.0,4.27,1.1,37.0,0.43,14.2,,0,0,,
395.2,03:21:29,100,50,65,61,151.28,1177,3004,1423,P2,36.0,4.29,1.1,36.0,0.43,14.1,,0,0,,
396.2,03:21:30,100,50,65,61,151.23,1177,3004,1423,P2,34.0,4.3,1.1,34.0,0.43,13.6,,0,0,,
397.3,03:21:31,100,50,65,61,151.00,1177,3004,1423,P2,36.0,4.29,1.1,36.0,0.43,13.9,,0,0,,
398.3,03:21:32,100,50,65,61,151.00,1177,3004,1423,P2,36.0,4.28,1.1,36.0,0.43,14.5,,0,0,,
399.3,03:21:33,100,50,65,61,151.28,1177,3004,1423,P2,36.0,4.3,1.1,36.0,0.43,13.8,,0,0,,
400.3,03:21:34,100,60,65,61,151.47,1177,3004,1423,P2,35.0,4.29,1.1,35.0,0.43,14.0,,0,0,,
401.3,03:21:35,100,50,65,61,151.19,1177,3004,1423,P2,35.0,4.27,1.1,35.0,0.43,14.1,,0,0,,
402.4,03:21:36,100,50,65,61,151.28,1177,3004,1423,P2,35.0,4.28,1.09,35.0,0.43,14.0,,0,0,,
403.4,03:21:37,100,50,65,61,151.19,1177,3004,1423,P2,35.0,4.28,1.09,35.0,0.43,14.1,,0,0,,
404.4,03:21:38,100,50,65,61,151.47,1177,3004,1423,P2,36.0,4.29,1.09,36.0,0.43,14.4,,0,0,,
405.4,03:21:39,100,50,65,61,151.04,1177,3004,1423,P2,35.0,4.27,1.09,35.0,0.43,13.7,,0,0,,
406.4,03:21:40,100,59,66,61,151.66,1177,3004,1423,P2,36.0,4.26,1.09,36.0,0.43,14.2,,0,0,,
407.5,03:21:41,100,59,65,61,151.57,1177,3004,1423,P2,37.0,4.32,1.08,37.0,0.43,16.1,,0,0,,
408.5,03:21:42,100,50,65,61,151.23,1177,3004,1423,P2,36.0,4.32,1.08,36.0,0.43,14.1,,0,0,,
409.5,03:21:43,100,50,66,61,151.51,1177,3004,1423,P2,36.0,4.32,1.08,36.0,0.43,15.2,,0,0,,
410.5,03:21:44,100,50,65,61,151.28,1177,3004,1423,P2,36.0,4.32,1.08,36.0,0.43,14.4,,0,0,,
411.5,03:21:45,100,50,65,61,151.57,1177,3004,1423,P2,36.0,4.31,1.08,36.0,0.43,14.1,,0,0,,
412.6,03:21:46,100,50,65,61,151.57,1177,3004,1423,P2,38.0,4.31,1.15,38.0,0.43,14.4,,0,0,,
413.6,03:21:47,100,58,65,61,151.28,1177,3004,1423,P2,37.0,4.28,1.15,35.0,0.43,14.1,,0,0,,
414.6,03:21:48,100,50,65,61,151.57,1177,3004,1423,P2,35.0,4.3,1.15,36.0,0.43,13.9,,0,0,,
415.6,03:21:49,100,50,65,61,151.57,1177,3004,1423,P2,37.0,4.28,1.15,37.0,0.43,14.6,,0,0,,
416.7,03:21:50,100,50,65,61,151.66,1177,3004,1423,P2,37.0,4.28,1.15,37.0,0.43,14.9,,0,0,,
417.7,03:21:51,100,50,65,61,151.38,1177,3004,1423,P2,36.0,4.29,1.14,37.0,0.43,13.7,,0,0,,
418.7,03:21:52,100,50,65,61,151.00,1177,3004,1423,P2,36.0,4.27,1.14,37.0,0.43,15.8,,0,0,,
419.7,03:21:53,100,50,65,61,151.57,1177,3004,1423,P2,37.0,4.27,1.14,36.0,0.43,14.5,,0,0,,
420.7,03:21:54,100,49,65,61,151.38,1177,3004,1423,P2,35.0,4.29,1.14,35.0,0.43,13.8,,0,0,,
421.8,03:21:55,100,59,65,61,151.32,1177,3004,1423,P2,36.0,4.31,1.14,36.0,0.43,14.4,,0,0,,
422.8,03:21:56,100,50,65,61,151.23,1177,3004,1423,P2,38.0,4.28,1.13,38.0,0.43,14.5,,0,0,,
423.8,03:21:57,100,50,66,61,151.60,1177,3004,1423,P2,36.0,4.3,1.13,36.0,0.43,15.6,,0,0,,
424.8,03:21:58,100,50,66,61,151.47,1177,3004,1423,P2,36.0,4.29,1.13,36.0,0.43,14.1,,0,0,,
425.8,03:21:59,100,50,65,61,151.47,1177,3004,1423,P2,36.0,4.28,1.13,36.0,0.43,17.1,,0,0,,
426.9,03:22:00,100,50,65,61,151.38,1177,3004,1423,P2,35.0,4.31,1.13,35.0,0.43,14.5,,0,0,,
427.9,03:22:01,100,50,65,61,151.38,1177,3004,1423,P2,37.0,4.31,1.12,37.0,0.43,14.6,,0,0,,
428.9,03:22:02,100,59,65,61,151.32,1177,3004,1423,P2,37.0,4.29,1.12,37.0,0.43,14.3,,0,0,,
429.9,03:22:03,100,50,65,61,151.28,1177,3004,1423,P2,37.0,4.28,1.12,37.0,0.43,13.7,,0,0,,
430.9,03:22:04,100,50,65,61,151.00,1177,3004,1423,P2,37.0,4.29,1.12,37.0,0.43,14.3,,0,0,,
432.0,03:22:05,100,50,65,61,151.57,1177,3004,1423,P2,36.0,4.28,1.11,36.0,0.43,14.2,,0,0,,
433.0,03:22:07,100,50,65,61,151.38,1177,3004,1423,P2,36.0,4.28,1.11,36.0,0.43,14.1,,0,0,,
434.0,03:22:08,100,50,65,61,151.19,1177,3004,1423,P2,36.0,4.28,1.11,36.0,0.43,14.1,,0,0,,
435.0,03:22:09,100,49,65,61,150.71,1177,3004,1425,P2,36.0,4.25,1.11,36.0,0.43,14.6,,0,0,,
436.1,03:22:10,100,59,66,61,151.57,1177,3004,1425,P2,36.0,4.28,1.11,36.0,0.43,15.0,,0,0,,
437.1,03:22:11,100,49,65,61,151.19,1177,3004,1425,P2,36.0,4.28,1.1,36.0,0.43,14.4,,0,0,,
438.1,03:22:12,100,50,65,61,151.00,1177,3004,1425,P2,36.0,4.29,1.1,36.0,0.43,14.2,,0,0,,
439.1,03:22:13,100,51,66,61,151.28,1177,3004,1425,P2,35.0,4.27,1.1,35.0,0.43,13.6,,0,0,,
440.1,03:22:14,100,50,65,61,151.57,1177,3004,1425,P2,36.0,4.29,1.1,36.0,0.43,14.3,,0,0,,
441.2,03:22:15,100,50,65,61,151.09,1177,3004,1425,P2,37.0,4.27,1.1,36.0,0.43,14.5,,0,0,,
442.2,03:22:16,100,51,65,61,151.00,1177,3004,1425,P2,37.0,4.3,1.09,37.0,0.43,13.9,,0,0,,
443.2,03:22:17,100,50,65,61,151.66,1177,3004,1425,P2,36.0,4.29,1.09,36.0,0.43,14.4,,0,0,,
444.2,03:22:18,100,50,66,61,151.04,1177,3004,1425,P2,36.0,4.3,1.09,36.0,0.43,14.5,,0,0,,
445.2,03:22:19,100,50,65,61,151.04,1177,3004,1425,P2,37.0,4.26,1.09,37.0,0.43,13.7,,0,0,,
446.3,03:22:20,100,50,66,61,151.23,1177,3004,1425,P2,36.0,4.28,1.09,36.0,0.43,14.3,,0,0,,
447.3,03:22:21,100,50,65,61,151.23,1177,3004,1425,P2,36.0,4.28,1.08,36.0,0.43,15.0,,0,0,,
448.3,03:22:22,100,50,66,61,151.38,1177,3004,1425,P2,37.0,4.29,1.08,37.0,0.43,14.0,,0,0,,
449.3,03:22:23,100,50,66,61,151.57,1177,3004,1425,P2,36.0,4.26,1.08,36.0,0.43,14.2,,0,0,,
450.3,03:22:24,100,60,65,61,151.38,1177,3004,1425,P2,36.0,4.27,1.08,37.0,0.43,14.0,,0,0,,
451.4,03:22:25,100,50,65,61,151.13,1177,3004,1425,P2,37.0,4.25,1.08,36.0,0.43,13.8,,0,0,,
452.4,03:22:26,100,50,65,61,151.32,1177,3004,1425,P2,36.0,4.24,1.08,36.0,0.43,13.7,,0,0,,
453.4,03:22:27,100,50,66,61,151.57,1177,3004,1425,P2,36.0,4.26,1.08,36.0,0.43,14.3,,0,0,,
454.4,03:22:28,100,50,65,61,150.94,1177,3004,1425,P2,36.0,4.28,1.08,36.0,0.43,13.9,,0,0,,
455.5,03:22:29,100,50,66,61,150.75,1177,3004,1425,P2,36.0,4.26,1.08,36.0,0.43,14.2,,0,0,,
456.5,03:22:30,100,49,65,61,151.00,1177,3004,1425,P2,37.0,4.27,1.08,36.0,0.43,14.0,,0,0,,
457.5,03:22:31,100,59,66,61,151.60,1177,3004,1425,P2,36.0,4.29,1.15,38.0,0.43,14.0,,0,0,,
458.5,03:22:32,100,50,65,61,151.32,1177,3004,1425,P2,36.0,4.29,1.15,36.0,0.43,14.6,,0,0,,
459.5,03:22:33,100,50,65,61,151.70,1177,3004,1425,P2,36.0,4.29,1.15,36.0,0.43,14.4,,0,0,,
460.6,03:22:34,100,50,66,61,151.19,1177,3004,1425,P2,36.0,4.28,1.15,36.0,0.43,13.6,,0,0,,
461.6,03:22:35,100,50,65,61,151.04,1177,3004,1425,P2,36.0,4.29,1.15,36.0,0.43,14.1,,0,0,,
462.6,03:22:36,100,50,66,61,151.19,1177,3004,1425,P2,36.0,4.26,1.14,36.0,0.43,14.2,,0,0,,
463.6,03:22:37,100,50,65,61,151.00,1177,3004,1425,P2,37.0,4.28,1.14,36.0,0.43,14.0,,0,0,,
464.6,03:22:38,100,59,66,61,151.47,1177,3004,1425,P2,37.0,4.27,1.14,36.0,0.43,14.1,,0,0,,
465.7,03:22:39,100,50,66,61,151.38,1177,3004,1425,P2,37.0,4.3,1.14,37.0,0.43,14.3,,0,0,,
466.7,03:22:40,100,50,65,61,151.28,1177,3004,1423,P2,35.0,4.27,1.14,35.0,0.43,13.5,,0,0,,
467.7,03:22:41,100,51,66,61,151.57,1177,3004,1423,P2,35.0,4.28,1.13,35.0,0.43,14.3,,0,0,,
468.7,03:22:42,100,50,66,61,151.23,1177,3004,1423,P2,36.0,4.29,1.13,37.0,0.43,14.3,,0,0,,
469.7,03:22:43,100,50,66,61,151.57,1177,3004,1423,P2,36.0,4.28,1.13,36.0,0.43,14.1,,0,0,,
470.8,03:22:44,100,50,66,61,151.41,1177,3004,1423,P2,35.0,4.27,1.13,36.0,0.43,14.3,,0,0,,
471.8,03:22:45,100,54,66,61,151.38,1177,3004,1423,P2,35.0,4.3,1.13,35.0,0.43,14.4,,0,0,,
472.8,03:22:46,100,51,65,61,151.70,1177,3004,1423,P2,37.0,4.31,1.12,35.0,0.43,14.0,,0,0,,
473.8,03:22:47,100,50,66,61,151.28,1177,3004,1423,P2,37.0,4.26,1.12,37.0,0.43,14.3,,0,0,,
474.9,03:22:48,100,50,66,61,150.90,1177,3004,1425,P2,35.0,4.25,1.12,36.0,0.43,15.1,,0,0,,
475.9,03:22:49,100,50,66,61,150.90,1177,3004,1425,P2,36.0,4.27,1.12,36.0,0.43,14.5,,0,0,,
476.9,03:22:50,100,49,65,61,151.09,1177,3004,1425,P2,37.0,4.27,1.12,37.0,0.43,14.1,,0,0,,
477.9,03:22:51,100,50,65,61,151.38,1177,3004,1425,P2,37.0,4.29,1.11,37.0,0.43,14.3,,0,0,,
478.9,03:22:52,100,59,66,61,151.28,1177,3004,1425,P2,37.0,4.27,1.11,37.0,0.43,14.3,,0,0,,
480.0,03:22:53,100,58,65,61,151.66,1177,3004,1425,P2,36.0,4.27,1.11,36.0,0.43,14.7,,0,0,,
481.0,03:22:55,100,51,66,61,151.47,1177,3004,1425,P2,35.0,4.26,1.11,35.0,0.43,14.4,,0,0,,
482.0,03:22:56,100,50,66,61,151.57,1177,3004,1425,P2,35.0,4.29,1.1,36.0,0.43,13.8,,0,0,,
483.0,03:22:57,100,50,66,61,151.28,1177,3004,1425,P2,36.0,4.27,1.1,36.0,0.43,14.3,,0,0,,
484.0,03:22:58,100,50,66,61,151.41,1177,3004,1425,P2,35.0,4.28,1.1,35.0,0.43,16.1,,0,0,,
485.1,03:22:59,100,50,66,61,151.28,1177,3004,1425,P2,36.0,4.28,1.1,36.0,0.43,14.0,,0,0,,
486.1,03:23:00,100,59,66,61,151.04,1177,3004,1425,P2,36.0,4.28,1.1,36.0,0.43,13.9,,0,0,,
487.1,03:23:01,100,50,65,61,151.51,1177,3004,1425,P2,35.0,4.26,1.09,35.0,0.43,14.4,,0,0,,
488.1,03:23:02,100,50,66,61,151.19,1177,3004,1425,P2,36.0,4.28,1.09,36.0,0.43,14.0,,0,0,,
489.1,03:23:03,100,50,65,61,151.00,1177,3004,1425,P2,37.0,4.3,1.09,37.0,0.43,14.4,,0,0,,
490.2,03:23:04,100,50,66,61,151.38,1177,3004,1425,P2,35.0,4.29,1.09,35.0,0.43,14.1,,0,0,,
491.2,03:23:05,100,50,65,61,151.57,1177,3004,1425,P2,37.0,4.27,1.09,37.0,0.43,13.8,,0,0,,
492.2,03:23:06,100,50,66,61,151.28,1177,3004,1425,P2,36.0,4.29,1.08,36.0,0.43,14.0,,0,0,,
493.2,03:23:07,100,59,66,61,151.38,1177,3004,1425,P2,36.0,4.27,1.08,34.0,0.43,14.4,,0,0,,
494.3,03:23:08,100,50,66,61,151.85,1177,3004,1425,P2,36.0,4.29,1.08,36.0,0.43,13.6,,0,0,,
495.3,03:23:09,100,50,66,61,151.57,1177,3004,1425,P2,37.0,4.29,1.08,36.0,0.43,14.4,,0,0,,
496.3,03:23:10,100,50,65,61,151.23,1177,3004,1425,P2,35.0,4.28,1.08,35.0,0.43,14.0,,0,0,,
497.3,03:23:11,100,50,66,61,151.47,1177,3004,1425,P2,36.0,4.29,1.16,36.0,0.43,13.9,,0,0,,
498.3,03:23:12,100,50,65,61,151.66,1177,3004,1425,P2,37.0,4.31,1.16,37.0,0.43,14.1,,0,0,,
499.4,03:23:13,100,50,66,61,151.66,1177,3004,1425,P2,36.0,4.27,1.16,36.0,0.43,14.2,,0,0,,
500.4,03:23:14,100,53,66,61,151.76,1177,3004,1425,P2,36.0,4.27,1.16,35.0,0.43,13.7,,0,0,,
501.4,03:23:15,100,52,65,61,151.94,1177,3004,1425,P2,36.0,4.3,1.16,36.0,0.43,14.3,,0,0,,
502.4,03:23:16,100,50,66,61,151.31,1177,3004,1425,P2,37.0,4.28,1.23,37.0,0.43,14.0,,0,0,,
503.4,03:23:17,100,50,66,61,151.19,1177,3004,1425,P2,35.0,4.27,1.23,35.0,0.43,14.0,,0,0,,
504.5,03:23:18,100,50,66,61,151.47,1177,3004,1425,P2,36.0,4.26,1.23,36.0,0.43,14.3,,0,0,,
505.5,03:23:19,100,50,65,61,151.00,1177,3004,1425,P2,36.0,4.27,1.23,36.0,0.43,14.4,,0,0,,
506.5,03:23:20,100,50,66,61,151.09,1177,3004,1425,P2,37.0,4.27,1.23,37.0,0.43,13.7,,0,0,,
507.5,03:23:21,100,49,65,61,151.23,1177,3004,1425,P2,35.0,4.28,1.21,35.0,0.43,14.2,,0,0,,
508.5,03:23:22,100,59,66,61,151.70,1177,3004,1425,P2,37.0,4.27,1.21,37.0,0.43,14.0,,0,0,,
509.6,03:23:23,100,50,66,61,151.19,1177,3004,1425,P2,35.0,4.26,1.21,35.0,0.43,14.2,,0,0,,
510.6,03:23:24,100,50,65,61,151.04,1177,3004,1425,P2,37.0,4.26,1.21,37.0,0.43,15.0,,0,0,,
511.6,03:23:25,100,50,65,61,151.19,1177,3004,1425,P2,37.0,4.26,1.21,36.0,0.43,14.7,,0,0,,
512.6,03:23:26,100,50,66,61,151.38,1177,3004,1425,P2,35.0,4.3,1.27,35.0,0.43,13.6,,0,0,,
513.7,03:23:27,100,50,66,61,151.00,1177,3004,1425,P2,36.0,4.28,1.27,36.0,0.43,14.2,,0,0,,
514.7,03:23:28,100,59,66,61,151.57,1177,3004,1425,P2,36.0,4.26,1.27,36.0,0.43,14.3,,0,0,,
515.7,03:23:29,100,50,66,61,151.98,1177,3004,1425,P2,34.0,4.29,1.27,34.0,0.43,13.9,,0,0,,
516.7,03:23:30,100,50,66,61,151.32,1177,3004,1425,P2,37.0,4.28,1.27,36.0,0.43,14.2,,0,0,,
517.7,03:23:31,100,50,66,61,151.57,1177,3004,1425,P2,35.0,4.25,1.25,35.0,0.43,14.3,,0,0,,
518.8,03:23:32,100,50,66,61,151.66,1177,3004,1425,P2,36.0,4.31,1.25,36.0,0.43,13.8,,0,0,,
519.8,03:23:33,100,50,66,61,151.57,1177,3004,1425,P2,36.0,4.31,1.25,36.0,0.43,14.0,,0,0,,
520.8,03:23:34,100,50,66,61,151.28,1177,3004,1425,P2,36.0,4.3,1.25,36.0,0.43,14.5,,0,0,,
521.8,03:23:35,100,58,65,61,151.28,1177,3004,1425,P2,36.0,4.25,1.25,36.0,0.43,14.2,,0,0,,
522.8,03:23:36,100,50,66,61,151.45,1177,3004,1425,P2,35.0,4.28,1.23,35.0,0.43,13.8,,0,0,,
523.9,03:23:37,100,50,66,61,151.09,1177,3004,1425,P2,36.0,4.29,1.23,36.0,0.43,14.1,,0,0,,
524.9,03:23:38,100,50,66,61,151.53,1177,3004,1425,P2,38.0,4.27,1.23,38.0,0.43,14.1,,0,0,,
525.9,03:23:39,100,50,66,61,151.09,1177,3004,1425,P2,36.0,4.26,1.23,36.0,0.43,13.8,,0,0,,
526.9,03:23:40,100,50,66,61,151.38,1177,3004,1425,P2,36.0,4.26,1.29,36.0,0.43,14.1,,0,0,,
527.9,03:23:41,100,50,66,61,151.12,1177,3004,1425,P2,36.0,4.28,1.29,36.0,0.43,14.2,,0,0,,
529.0,03:23:42,100,54,65,61,151.28,1177,3004,1425,P2,37.0,4.27,1.29,35.0,0.43,13.7,,0,0,,
530.0,03:23:44,100,50,66,61,151.66,1177,3004,1425,P2,34.0,4.28,1.29,34.0,0.43,14.6,,0,0,,
531.0,03:23:45,100,51,66,61,151.38,1177,3004,1425,P2,37.0,4.27,1.29,37.0,0.43,13.9,,0,0,,
532.0,03:23:46,100,50,66,61,151.76,1177,3004,1425,P2,37.0,4.27,1.27,37.0,0.43,14.0,,0,0,,
533.0,03:23:47,100,50,66,61,151.38,1177,3004,1425,P2,36.0,4.28,1.27,36.0,0.43,14.1,,0,0,,
534.1,03:23:48,100,50,66,61,151.00,1177,3004,1425,P2,37.0,4.27,1.27,37.0,0.43,14.4,,0,0,,
535.1,03:23:49,100,50,66,61,151.38,1177,3004,1425,P2,37.0,4.29,1.27,37.0,0.43,14.0,,0,0,,
536.1,03:23:50,100,50,66,61,151.57,1177,3004,1425,P2,35.0,4.3,1.27,35.0,0.43,14.4,,0,0,,
537.1,03:23:51,100,59,66,61,151.60,1177,3004,1425,P2,36.0,4.29,1.25,36.0,0.43,14.2,,0,0,,
538.2,03:23:52,100,50,66,61,151.09,1177,3004,1425,P2,36.0,4.27,1.25,37.0,0.43,14.2,,0,0,,
539.2,03:23:53,100,50,66,61,151.09,1177,3004,1425,P2,36.0,4.27,1.25,36.0,0.43,14.3,,0,0,,
540.2,03:23:54,100,50,66,61,151.31,1177,3004,1425,P2,37.0,4.28,1.25,36.0,0.43,14.7,,0,0,,
541.2,03:23:55,100,50,66,61,151.47,1177,3004,1425,P2,35.0,4.29,1.25,35.0,0.43,14.0,,0,0,,
542.2,03:23:56,100,49,65,61,150.90,1177,3004,1425,P2,36.0,4.26,1.23,36.0,0.43,14.9,,0,0,,
543.3,03:23:57,100,59,66,61,151.28,1177,3004,1425,P2,37.0,4.27,1.23,37.0,0.43,14.6,,0,0,,
544.3,03:23:58,100,59,66,61,151.38,1177,3004,1425,P2,36.0,4.28,1.23,37.0,0.43,14.0,,0,0,,
545.3,03:23:59,100,50,66,61,151.32,1177,3004,1425,P2,37.0,4.28,1.23,37.0,0.43,14.1,,0,0,,
546.3,03:24:00,100,49,66,61,150.90,1177,3004,1425,P2,37.0,4.27,1.23,37.0,0.43,14.4,,0,0,,
547.3,03:24:01,100,50,66,61,151.41,1177,3004,1425,P2,37.0,4.26,1.21,37.0,0.43,13.7,,0,0,,
548.4,03:24:02,100,50,66,61,151.38,1177,3004,1425,P2,37.0,4.25,1.21,37.0,0.43,15.6,,0,0,,
549.4,03:24:03,100,50,65,61,151.19,1177,3004,1425,P2,37.0,4.28,1.21,36.0,0.43,14.5,,0,0,,
550.4,03:24:04,100,59,66,61,151.09,1177,3004,1425,P2,37.0,4.28,1.21,37.0,0.43,14.1,,0,0,,
551.4,03:24:05,100,50,66,61,151.47,1177,3004,1425,P2,36.0,4.27,1.21,36.0,0.43,13.9,,0,0,,
552.4,03:24:06,100,50,66,61,151.28,1177,3004,1425,P2,37.0,4.26,1.27,37.0,0.43,14.4,,0,0,,
553.5,03:24:07,100,51,66,61,151.38,1177,3004,1425,P2,36.0,4.27,1.27,36.0,0.43,13.6,,0,0,,
554.5,03:24:08,100,50,66,61,151.19,1177,3004,1425,P2,36.0,4.26,1.27,36.0,0.43,14.3,,0,0,,
555.5,03:24:09,100,50,66,61,151.38,1177,3004,1425,P2,38.0,4.28,1.27,38.0,0.43,14.1,,0,0,,
556.5,03:24:10,100,50,66,61,150.94,1177,3004,1425,P2,36.0,4.28,1.27,36.0,0.43,14.0,,0,0,,
557.6,03:24:11,100,58,66,61,151.09,1177,3004,1425,P2,36.0,4.26,1.33,37.0,0.43,14.1,,0,0,,
558.6,03:24:12,100,50,65,61,151.66,1177,3004,1425,P2,35.0,4.24,1.33,35.0,0.43,14.1,,0,0,,
559.6,03:24:13,100,50,66,61,151.57,1177,3004,1425,P2,37.0,4.27,1.33,37.0,0.43,14.0,,0,0,,
560.6,03:24:14,100,50,66,61,151.09,1177,3004,1425,P2,38.0,4.31,1.33,37.0,0.43,14.1,,0,0,,
561.6,03:24:15,100,50,66,61,151.28,1177,3004,1425,P2,37.0,4.27,1.33,37.0,0.43,14.0,,0,0,,
562.7,03:24:16,100,51,66,61,151.57,1177,3004,1425,P2,36.0,4.25,1.3,36.0,0.43,14.0,,0,0,,
563.7,03:24:17,100,50,66,61,151.38,1177,3004,1425,P2,37.0,4.25,1.3,37.0,0.43,14.1,,0,0,,
564.7,03:24:18,100,50,66,61,151.38,1177,3004,1425,P2,37.0,4.26,1.3,37.0,0.43,14.1,,0,0,,
565.7,03:24:19,100,58,65,61,151.76,1177,3004,1425,P2,37.0,4.28,1.3,37.0,0.43,14.3,,0,0,,
566.7,03:24:20,100,50,66,61,151.57,1177,3004,1425,P2,37.0,4.28,1.3,37.0,0.43,14.0,,0,0,,
567.8,03:24:21,100,50,66,61,151.66,1177,3004,1425,P2,35.0,4.28,1.28,35.0,0.43,14.4,,0,0,,
568.8,03:24:22,100,50,66,61,151.09,1177,3004,1425,P2,38.0,4.26,1.28,38.0,0.43,14.0,,0,0,,
569.8,03:24:23,100,50,66,61,151.09,1177,3004,1425,P2,37.0,4.26,1.28,37.0,0.43,14.2,,0,0,,
570.8,03:24:24,100,50,66,61,151.00,1177,3004,1425,P2,37.0,4.26,1.28,37.0,0.43,14.0,,0,0,,
571.8,03:24:25,100,49,66,61,150.66,1177,3004,1425,P2,37.0,4.27,1.28,38.0,0.43,14.1,,0,0,,
572.9,03:24:26,100,59,66,61,152.32,1189,3004,1425,P2,37.0,4.31,1.26,37.0,0.43,14.3,,0,0,,
573.9,03:24:27,100,50,66,61,151.66,1177,3004,1425,P2,37.0,4.28,1.26,37.0,0.43,14.9,,0,0,,
574.9,03:24:28,100,50,65,61,151.28,1177,3004,1425,P2,36.0,4.27,1.26,36.0,0.43,13.8,,0,0,,
575.9,03:24:29,100,50,66,61,151.57,1177,3004,1425,P2,37.0,4.26,1.26,37.0,0.43,14.3,,0,0,,
576.9,03:24:30,100,50,65,61,151.16,1177,3004,1425,P2,36.0,4.26,1.24,36.0,0.43,14.4,,0,0,,
578.0,03:24:31,100,50,66,61,151.43,1177,3004,1425,P2,36.0,4.26,1.24,36.0,0.43,13.9,,0,0,,
579.0,03:24:33,100,59,66,61,151.47,1177,3004,1425,P2,36.0,4.3,1.24,36.0,0.43,14.0,,0,0,,
580.0,03:24:34,100,50,66,61,151.57,1177,3004,1425,P2,36.0,4.28,1.24,36.0,0.43,14.3,,0,0,,
581.0,03:24:35,100,50,66,61,151.57,1177,3004,1425,P2,37.0,4.27,1.24,37.0,0.43,13.7,,0,0,,
582.1,03:24:36,100,50,66,61,150.66,1177,3004,1425,P2,37.0,4.29,1.22,38.0,0.43,14.3,,0,0,,
583.1,03:24:37,100,50,66,61,151.57,1177,3004,1425,P2,35.0,4.28,1.22,35.0,0.43,14.1,,0,0,,
584.1,03:24:38,100,50,66,61,151.28,1177,3004,1425,P2,37.0,4.28,1.22,37.0,0.43,13.9,,0,0,,
585.1,03:24:39,100,50,66,61,151.57,1177,3004,1425,P2,36.0,4.27,1.22,36.0,0.43,14.3,,0,0,,
586.1,03:24:40,100,58,66,61,151.28,1177,3004,1425,P2,37.0,4.26,1.22,37.0,0.43,14.0,,0,0,,
587.2,03:24:41,100,50,66,61,151.85,1177,3004,1425,P2,38.0,4.27,1.2,38.0,0.43,13.9,,0,0,,
588.2,03:24:42,100,51,66,61,152.23,1177,3004,1425,P2,36.0,4.28,1.2,36.0,0.43,14.3,,0,0,,
589.2,03:24:43,100,50,66,61,151.00,1177,3004,1425,P2,37.0,4.29,1.2,37.0,0.43,14.1,,0,0,,
590.2,03:24:44,100,50,66,61,151.47,1177,3004,1425,P2,37.0,4.29,1.2,37.0,0.43,14.0,,0,0,,
591.2,03:24:45,100,50,66,61,151.57,1177,3004,1425,P2,36.0,4.27,1.2,36.0,0.43,14.0,,0,0,,
592.3,03:24:46,100,50,66,61,151.47,1177,3004,1425,P2,37.0,4.26,1.18,37.0,0.43,14.1,,0,0,,
593.3,03:24:47,100,49,66,61,151.28,1177,3004,1425,P2,36.0,4.26,1.18,36.0,0.43,13.8,,0,0,,
594.3,03:24:48,100,59,66,61,151.38,1177,3004,1425,P2,36.0,4.3,1.18,35.0,0.43,14.1,,0,0,,
595.3,03:24:49,100,51,66,61,151.28,1177,3004,1425,P2,37.0,4.27,1.18,37.0,0.43,14.1,,0,0,,
596.4,03:24:50,100,50,66,61,151.47,1177,3004,1425,P2,38.0,4.27,1.18,38.0,0.43,14.1,,0,0,,
597.4,03:24:51,100,50,66,61,151.47,1177,3004,1425,P2,37.0,4.26,1.17,36.0,0.43,14.3,,0,0,,
598.4,03:24:52,100,50,66,61,151.19,1177,3004,1425,P2,37.0,4.27,1.17,37.0,0.43,14.3,,0,0,,
599.4,03:24:53,100,50,66,61,151.00,1177,3004,1425,P2,36.0,4.28,1.17,36.0,0.43,14.0,,0,0,,
600.4,03:24:54,100,49,66,61,151.28,1177,3004,1425,P2,37.0,4.27,1.17,37.0,0.43,14.3,,0,0,,
601.5,03:24:55,100,59,66,61,151.57,1177,3004,1425,P2,36.0,4.28,1.17,37.0,0.43,14.1,,0,0,,
602.5,03:24:56,100,50,66,61,151.53,1177,3004,1425,P2,34.0,4.26,1.15,34.0,0.43,13.8,,0,0,,
603.5,03:24:57,100,50,66,61,151.53,1177,3004,1425,P2,37.0,4.26,1.15,37.0,0.43,14.1,,0,0,,
604.5,03:24:58,100,50,66,61,151.09,1177,3004,1425,P2,37.0,4.29,1.15,37.0,0.43,14.5,,0,0,,
605.5,03:24:59,100,50,65,61,151.57,1177,3004,1425,P2,37.0,4.29,1.15,37.0,0.43,14.5,,0,0,,
606.6,03:25:00,100,49,65,61,151.09,1177,3004,1425,P2,36.0,4.29,1.15,36.0,0.43,14.7,,0,0,,
607.6,03:25:01,100,50,66,61,151.56,1177,3004,1425,P2,38.0,4.44,1.14,38.0,0.43,21.4,,0,0,,
608.6,03:25:02,100,59,66,61,151.66,1177,3004,1425,P2,35.0,4.33,1.14,36.0,0.43,14.6,,0,0,,
609.6,03:25:03,100,50,66,61,151.47,1177,3004,1425,P2,35.0,4.29,1.14,35.0,0.43,14.6,,0,0,,
610.6,03:25:04,100,50,66,61,151.57,1177,3004,1425,P2,35.0,4.3,1.14,34.0,0.43,14.2,,0,0,,
611.7,03:25:05,100,50,66,61,151.38,1177,3004,1425,P2,35.0,4.27,1.14,35.0,0.43,13.8,,0,0,,
612.7,03:25:06,100,50,66,61,151.28,1177,3004,1425,P2,36.0,4.27,1.13,36.0,0.43,14.1,,0,0,,
613.7,03:25:07,100,50,66,61,151.19,1177,3004,1425,P2,36.0,4.29,1.13,35.0,0.43,14.1,,0,0,,
614.7,03:25:08,100,56,66,61,151.45,1177,3004,1425,P2,37.0,4.27,1.13,37.0,0.43,14.5,,0,0,,
615.8,03:25:09,100,50,66,61,151.19,1177,3004,1425,P2,36.0,4.26,1.13,36.0,0.43,14.0,,0,0,,
616.8,03:25:10,100,50,66,61,151.19,1177,3004,1425,P2,37.0,4.29,1.13,36.0,0.43,14.2,,0,0,,
617.8,03:25:11,100,50,66,61,151.66,1177,3004,1425,P2,35.0,4.29,1.2,35.0,0.43,13.7,,0,0,,
618.8,03:25:12,100,50,66,61,151.19,1177,3004,1425,P2,37.0,4.3,1.2,37.0,0.43,14.2,,0,0,,
619.8,03:25:13,100,50,66,61,151.28,1177,3004,1425,P2,36.0,4.27,1.2,36.0,0.43,14.3,,0,0,,
620.9,03:25:14,100,50,66,61,151.76,1177,3004,1425,P2,36.0,4.28,1.2,36.0,0.43,13.8,,0,0,,
621.9,03:25:15,100,50,66,61,151.57,1177,3004,1425,P2,36.0,4.29,1.2,36.0,0.43,14.0,,0,0,,
622.9,03:25:16,100,60,66,61,151.28,1177,3004,1425,P2,36.0,4.27,1.18,36.0,0.43,14.2,,0,0,,
623.9,03:25:17,100,50,66,61,151.09,1177,3004,1425,P2,36.0,4.27,1.18,36.0,0.43,13.6,,0,0,,
624.9,03:25:18,100,50,66,61,151.66,1177,3004,1425,P2,34.0,4.27,1.18,36.0,0.43,14.1,,0,0,,
626.0,03:25:19,100,50,66,61,151.38,1177,3004,1425,P2,36.0,4.28,1.18,36.0,0.43,13.9,,0,0,,
627.0,03:25:21,100,50,66,61,151.38,1177,3004,1425,P2,37.0,4.28,1.25,37.0,0.43,13.6,,0,0,,
628.0,03:25:22,100,50,66,61,151.66,1177,3004,1425,P2,36.0,4.26,1.25,36.0,0.43,13.9,,0,0,,
629.0,03:25:23,100,50,66,61,151.28,1177,3004,1425,P2,35.0,4.32,1.25,35.0,0.43,14.2,,0,0,,
630.0,03:25:24,100,59,66,61,150.90,1177,3004,1425,P2,36.0,4.3,1.25,36.0,0.43,14.1,,0,0,,
631.1,03:25:25,100,50,66,61,150.90,1177,3004,1425,P2,35.0,4.29,1.25,35.0,0.43,14.4,,0,0,,
632.1,03:25:26,100,50,66,61,151.47,1177,3004,1425,P2,36.0,4.28,1.23,36.0,0.43,14.2,,0,0,,
633.1,03:25:27,100,50,66,61,151.76,1177,3004,1425,P2,36.0,4.31,1.23,36.0,0.43,14.1,,0,0,,
634.1,03:25:28,100,50,66,61,151.00,1177,3004,1425,P2,36.0,4.3,1.23,36.0,0.43,14.3,,0,0,,
635.2,03:25:29,100,50,66,61,151.13,1177,3004,1425,P2,35.0,4.32,1.23,35.0,0.43,14.2,,0,0,,
636.2,03:25:30,100,50,66,61,151.66,1177,3004,1425,P2,37.0,4.31,1.23,37.0,0.43,14.1,,0,0,,
637.2,03:25:31,100,59,66,61,151.41,1177,3004,1425,P2,36.0,4.3,1.21,36.0,0.43,14.2,,0,0,,
638.2,03:25:32,100,50,66,61,151.23,1177,3004,1425,P2,36.0,4.28,1.21,36.0,0.43,15.1,,0,0,,
639.2,03:25:33,100,50,66,61,151.94,1177,3004,1425,P2,37.0,4.3,1.21,36.0,0.43,13.7,,0,0,,
640.3,03:25:34,100,50,66,61,151.38,1177,3004,1425,P2,36.0,4.29,1.21,36.0,0.43,14.3,,0,0,,
641.3,03:25:35,100,50,66,61,151.47,1177,3004,1425,P2,36.0,4.28,1.21,36.0,0.43,14.1,,0,0,,
642.3,03:25:36,100,50,66,61,151.28,1177,3004,1425,P2,35.0,4.27,1.27,35.0,0.43,14.1,,0,0,,
643.3,03:25:37,100,51,66,61,151.28,1177,3004,1425,P2,37.0,4.27,1.27,37.0,0.43,14.3,,0,0,,
644.3,03:25:38,100,58,66,61,151.76,1177,3004,1425,P2,38.0,4.26,1.27,38.0,0.43,14.0,,0,0,,
645.4,03:25:39,100,50,66,61,151.47,1177,3004,1425,P2,35.0,4.29,1.27,36.0,0.43,13.9,,0,0,,
646.4,03:25:40,100,50,66,61,151.47,1177,3004,1425,P2,36.0,4.26,1.27,36.0,0.43,14.1,,0,0,,
647.4,03:25:41,100,50,66,61,151.57,1177,3004,1425,P2,36.0,4.24,1.25,36.0,0.43,14.1,,0,0,,
648.4,03:25:42,100,50,66,61,151.28,1177,3004,1425,P2,37.0,4.27,1.25,37.0,0.43,13.7,,0,0,,
649.4,03:25:43,100,50,66,61,151.66,1177,3004,1425,P2,37.0,4.25,1.25,36.0,0.43,14.2,,0,0,,
650.5,03:25:44,100,50,66,61,151.38,1177,3004,1425,P2,37.0,4.26,1.25,37.0,0.43,14.3,,0,0,,
651.5,03:25:45,100,59,66,61,151.38,1177,3004,1425,P2,36.0,4.27,1.25,36.0,0.43,13.6,,0,0,,
652.5,03:25:46,100,50,66,61,151.82,1177,3004,1425,P2,36.0,4.3,1.23,35.0,0.43,14.5,,0,0,,
653.5,03:25:47,100,50,66,61,151.28,1177,3004,1425,P2,37.0,4.28,1.23,37.0,0.43,14.2,,0,0,,
654.5,03:25:48,100,50,66,61,151.41,1177,3004,1425,P2,36.0,4.27,1.23,36.0,0.43,13.8,,0,0,,
655.6,03:25:49,100,50,66,61,151.57,1177,3004,1425,P2,34.0,4.27,1.23,34.0,0.43,14.2,,0,0,,
656.6,03:25:50,100,50,66,61,151.09,1177,3004,1425,P2,37.0,4.27,1.23,37.0,0.43,14.0,,0,0,,
657.6,03:25:51,100,50,66,61,151.28,1177,3004,1425,P2,36.0,4.26,1.21,36.0,0.43,13.9,,0,0,,
658.6,03:25:52,100,58,66,61,151.09,1177,3004,1425,P2,36.0,4.26,1.21,36.0,0.43,14.1,,0,0,,
659.7,03:25:53,100,50,66,61,151.23,1177,3004,1425,P2,36.0,4.29,1.21,36.0,0.43,14.1,,0,0,,
660.7,03:25:54,100,50,66,61,151.38,1177,3004,1425,P2,36.0,4.26,1.21,36.0,0.43,13.8,,0,0,,
661.7,03:25:55,100,50,66,61,151.57,1177,3004,1425,P2,36.0,4.27,1.21,36.0,0.43,14.1,,0,0,,
662.7,03:25:56,100,50,66,61,151.09,1177,3004,1425,P2,36.0,4.26,1.2,37.0,0.43,14.5,,0,0,,
663.7,03:25:57,100,50,66,61,151.47,1177,3004,1425,P2,36.0,4.28,1.2,36.0,0.43,13.8,,0,0,,
664.8,03:25:58,100,50,66,61,151.28,1177,3004,1425,P2,37.0,4.27,1.2,36.0,0.43,14.6,,0,0,,
665.8,03:25:59,100,59,66,61,151.66,1177,3004,1425,P2,37.0,4.27,1.2,38.0,0.43,14.0,,0,0,,
666.8,03:26:00,100,50,66,61,151.19,1177,3004,1425,P2,37.0,4.3,1.2,37.0,0.43,14.0,,0,0,,
667.8,03:26:01,100,50,66,61,151.94,1177,3004,1425,P2,36.0,4.26,1.18,36.0,0.43,14.3,,0,0,,
668.8,03:26:02,100,50,65,61,151.04,1177,3004,1425,P2,36.0,4.31,1.18,37.0,0.43,14.7,,0,0,,
669.9,03:26:03,100,50,66,61,151.47,1177,3004,1425,P2,37.0,4.28,1.18,37.0,0.43,14.7,,0,0,,
670.9,03:26:04,100,50,66,61,151.60,1177,3004,1425,P2,37.0,4.27,1.18,37.0,0.43,14.1,,0,0,,
671.9,03:26:05,100,50,66,61,151.23,1177,3004,1425,P2,36.0,4.28,1.18,36.0,0.43,14.4,,0,0,,
672.9,03:26:06,100,59,66,61,151.47,1177,3004,1425,P2,37.0,4.28,1.17,38.0,0.43,14.0,,0,0,,
673.9,03:26:07,100,50,66,61,152.17,1177,3004,1425,P2,37.0,4.28,1.17,37.0,0.43,13.6,,0,0,,
675.0,03:26:08,100,50,66,61,151.41,1177,3004,1425,P2,36.0,4.26,1.17,37.0,0.43,15.0,,0,0,,
676.0,03:26:10,100,50,66,61,151.50,1177,3004,1425,P2,37.0,4.26,1.17,37.0,0.43,13.9,,0,0,,
677.0,03:26:11,100,50,66,61,151.47,1177,3004,1425,P2,37.0,4.28,1.15,37.0,0.43,13.9,,0,0,,
678.0,03:26:12,100,51,66,61,151.76,1177,3004,1425,P2,37.0,4.31,1.15,37.0,0.43,14.3,,0,0,,
679.1,03:26:13,100,50,66,61,151.60,1177,3004,1425,P2,36.0,4.28,1.15,37.0,0.43,14.0,,0,0,,
680.1,03:26:14,100,59,66,61,151.38,1177,3004,1425,P2,36.0,4.26,1.15,37.0,0.43,14.0,,0,0,,
681.1,03:26:15,100,59,66,61,151.57,1177,3004,1425,P2,36.0,4.26,1.15,36.0,0.43,14.4,,0,0,,
682.1,03:26:16,100,50,66,61,150.81,1177,3004,1425,P2,37.0,4.25,1.14,37.0,0.43,14.1,,0,0,,
683.1,03:26:17,100,50,66,61,151.19,1177,3004,1425,P2,37.0,4.24,1.14,37.0,0.43,13.9,,0,0,,
684.2,03:26:18,100,50,66,61,151.47,1177,3004,1425,P2,36.0,4.24,1.14,36.0,0.43,13.9,,0,0,,
685.2,03:26:19,100,50,66,61,151.28,1177,3004,1425,P2,36.0,4.25,1.14,36.0,0.43,14.4,,0,0,,
686.2,03:26:20,100,50,66,61,151.85,1177,3004,1425,P2,37.0,4.29,1.14,37.0,0.43,13.6,,0,0,,
687.2,03:26:21,100,59,66,61,151.19,1177,3004,1425,P2,36.0,4.27,1.21,36.0,0.43,14.2,,0,0,,
688.2,03:26:22,100,50,66,61,151.66,1177,3004,1425,P2,37.0,4.28,1.21,36.0,0.43,14.2,,0,0,,
689.3,03:26:23,100,50,66,61,151.28,1177,3004,1425,P2,36.0,4.24,1.21,36.0,0.43,13.8,,0,0,,
690.3,03:26:24,100,50,66,61,151.19,1177,3004,1425,P2,35.0,4.27,1.21,35.0,0.43,14.4,,0,0,,
691.3,03:26:25,100,50,66,61,151.94,1177,3004,1425,P2,36.0,4.3,1.21,36.0,0.43,17.1,,0,0,,
692.3,03:26:26,100,50,66,61,151.09,1177,3004,1425,P2,36.0,4.29,1.19,36.0,0.43,13.7,,0,0,,
693.3,03:26:27,100,50,66,61,151.19,1177,3004,1425,P2,37.0,4.28,1.19,37.0,0.43,14.2,,0,0,,
694.4,03:26:28,100,59,66,61,151.45,1177,3004,1425,P2,37.0,4.29,1.19,37.0,0.43,14.0,,0,0,,
695.4,03:26:29,100,50,66,61,151.89,1177,3004,1425,P2,38.0,4.29,1.19,37.0,0.43,14.1,,0,0,,
696.4,03:26:30,100,51,66,61,151.41,1177,3004,1425,P2,37.0,4.3,1.19,37.0,0.43,14.3,,0,0,,
697.4,03:26:31,100,50,66,61,151.00,1177,3004,1425,P2,38.0,4.29,1.18,38.0,0.43,14.4,,0,0,,
698.5,03:26:32,100,50,66,61,151.00,1177,3004,1425,P2,36.0,4.29,1.18,36.0,0.43,13.6,,0,0,,
699.5,03:26:33,100,50,66,61,151.19,1177,3004,1425,P2,35.0,4.3,1.18,35.0,0.43,14.3,,0,0,,
700.5,03:26:34,100,50,66,61,151.09,1177,3004,1425,P2,36.0,4.28,1.18,36.0,0.43,14.3,,0,0,,
701.5,03:26:35,100,58,66,61,151.19,1177,3004,1425,P2,37.0,4.28,1.18,37.0,0.43,14.4,,0,0,,
702.5,03:26:36,100,50,66,61,150.56,1177,3004,1425,P2,36.0,4.29,1.16,37.0,0.43,14.4,,0,0,,
703.6,03:26:37,100,50,66,61,151.38,1177,3004,1425,P2,36.0,4.28,1.16,36.0,0.43,14.4,,0,0,,
704.6,03:26:38,100,50,66,61,151.38,1177,3004,1425,P2,36.0,4.29,1.16,36.0,0.43,13.7,,0,0,,
705.6,03:26:39,100,50,66,61,151.13,1177,3004,1425,P2,37.0,4.28,1.16,37.0,0.43,14.3,,0,0,,
706.6,03:26:40,100,50,66,61,151.38,1177,3004,1425,P2,37.0,4.23,1.16,37.0,0.43,14.4,,0,0,,
707.6,03:26:41,100,56,66,61,151.57,1177,3004,1425,P2,36.0,4.28,1.23,36.0,0.43,14.9,,0,0,,
708.7,03:26:42,100,59,66,61,151.57,1177,3004,1425,P2,36.0,4.3,1.23,36.0,0.43,14.6,,0,0,,
709.7,03:26:43,100,50,66,61,150.85,1177,3004,1425,P2,36.0,4.29,1.23,36.0,0.43,14.6,,0,0,,
710.7,03:26:44,100,50,66,61,151.47,1177,3004,1425,P2,36.0,4.28,1.23,35.0,0.43,13.8,,0,0,,
711.7,03:26:45,100,51,66,61,151.66,1177,3004,1425,P2,37.0,4.25,1.23,37.0,0.43,14.1,,0,0,,
712.7,03:26:46,100,50,66,61,151.38,1177,3004,1425,P2,36.0,4.27,1.21,36.0,0.43,14.6,,0,0,,
713.8,03:26:47,100,50,66,61,151.19,1177,3004,1425,P2,36.0,4.28,1.21,36.0,0.43,13.7,,0,0,,
714.8,03:26:48,100,49,66,61,151.38,1177,3004,1425,P2,37.0,4.29,1.21,37.0,0.43,14.3,,0,0,,
715.8,03:26:49,100,60,66,61,151.66,1177,3004,1425,P2,37.0,4.26,1.21,37.0,0.43,13.9,,0,0,,
716.8,03:26:50,100,50,66,61,151.76,1177,3004,1425,P2,36.0,4.27,1.21,36.0,0.43,13.8,,0,0,,
717.8,03:26:51,100,50,66,61,151.57,1177,3004,1425,P2,36.0,4.25,1.19,36.0,0.43,14.2,,0,0,,
718.9,03:26:52,100,50,66,61,151.16,1177,3004,1425,P2,37.0,4.27,1.19,37.0,0.43,14.3,,0,0,,
719.9,03:26:53,100,50,66,61,151.38,1177,3004,1425,P2,37.0,4.24,1.19,37.0,0.43,15.3,,0,0,,
720.9,03:26:54,100,50,66,61,151.28,1177,3004,1425,P2,36.0,4.25,1.19,36.0,0.43,14.6,,0,0,,
721.9,03:26:55,100,49,66,61,151.28,1177,3004,1425,P2,36.0,4.24,1.19,36.0,0.43,13.9,,0,0,,
722.9,03:26:56,100,59,66,61,151.38,1177,3004,1425,P2,35.0,4.25,1.18,35.0,0.43,13.8,,0,0,,
724.0,03:26:57,100,50,66,61,150.43,1177,3004,1425,P2,37.0,4.26,1.18,37.0,0.43,14.0,,0,0,,
725.0,03:26:59,100,50,66,61,151.47,1177,3004,1425,P2,36.0,4.27,1.18,36.0,0.43,14.2,,0,0,,
726.0,03:27:00,100,50,66,61,151.38,1177,3004,1425,P2,37.0,4.27,1.18,37.0,0.43,14.3,,0,0,,
727.0,03:27:01,100,50,66,61,152.00,1177,3004,1425,P2,37.0,4.24,1.16,37.0,0.43,14.5,,0,0,,
728.1,03:27:02,100,50,66,61,151.26,1177,3004,1425,P2,36.0,4.25,1.16,36.0,0.43,14.5,,0,0,,
729.1,03:27:03,100,50,66,61,151.47,1177,3004,1425,P2,36.0,4.25,1.16,36.0,0.43,13.9,,0,0,,
730.1,03:27:04,100,59,66,61,151.09,1177,3004,1425,P2,35.0,4.25,1.16,37.0,0.43,14.4,,0,0,,
731.1,03:27:05,100,50,66,61,150.19,1177,3004,1425,P2,36.0,4.24,1.16,36.0,0.43,14.1,,0,0,,
732.1,03:27:06,0,0,60,62,65.97,1265,3505,336,P0,38.0,3.98,1.31,38.0,0.43,28.1,,0,0,,
733.2,03:27:07,0,0,59,61,65.59,1265,3505,336,P0,53.0,4.1,1.31,53.0,0.43,51.9,,0,0,,
734.2,03:27:08,0,0,59,61,65.49,1265,3505,336,P0,53.0,4.1,1.31,53.0,0.43,100.0,,0,0,,
735.3,03:27:09,0,0,57,61,46.50,847,3004,337,P2,55.0,4.1,1.31,55.0,0.43,100.0,,0,0,,
736.3,03:27:10,0,0,57,57,46.21,847,3004,337,P2,55.0,4.11,1.31,54.0,0.43,100.0,,0,0,,
737.4,03:27:11,0,2,56,55,28.42,670,810,337,P5,55.0,4.09,1.85,55.0,0.43,100.0,,0,0,,
738.4,03:27:12,0,2,55,53,27.46,658,810,337,P5,55.0,4.07,1.85,55.0,0.43,100.0,,0,0,,
739.5,03:27:13,0,2,54,51,27.37,658,810,337,P5,55.0,4.08,1.85,55.0,0.43,100.0,,0,0,,
740.6,03:27:14,0,2,54,50,27.27,658,810,337,P5,55.0,4.12,1.85,54.0,0.43,100.0,,0,0,,
741.6,03:27:15,0,4,54,48,24.14,324,324,337,P8,55.0,4.07,1.85,55.0,0.43,100.0,,0,0,,
742.7,03:27:16,0,4,53,47,24.23,324,324,337,P8,56.0,4.08,2.42,56.0,0.43,100.0,,0,0,,
743.7,03:27:17,0,4,53,46,23.75,135,324,337,P8,56.0,4.08,2.42,56.0,0.43,100.0,,0,0,,
744.7,03:27:18,0,4,53,45,23.77,135,324,337,P8,36.0,3.99,2.42,36.0,0.43,46.3,,0,0,,
745.8,03:27:19,0,4,52,45,23.78,135,324,337,P8,47.0,4.26,2.42,47.0,0.43,21.3,,0,0,,
746.9,03:27:20,0,4,52,44,23.71,135,324,337,P8,54.0,4.27,2.42,53.0,0.43,100.0,,0,0,,
747.9,03:27:21,0,4,52,44,23.62,135,324,337,P8,54.0,4.27,2.87,54.0,0.43,99.6,,0,0,,
749.0,03:27:23,0,4,51,44,23.61,135,324,337,P8,55.0,4.24,2.87,55.0,0.43,100.0,,0,0,,
750.1,03:27:24,0,4,51,43,23.60,135,324,337,P8,53.0,4.26,2.87,54.0,0.43,100.0,,0,0,,
751.1,03:27:25,0,4,51,43,23.52,135,324,337,P8,57.0,4.27,2.87,56.0,0.43,100.0,,0,0,,
752.2,03:27:26,0,4,50,43,23.52,135,324,337,P8,54.0,4.28,3.28,54.0,0.43,100.0,,0,0,,
753.3,03:27:27,0,4,50,42,23.61,135,324,337,P8,54.0,4.28,3.28,54.0,0.43,100.0,,0,0,,
754.3,03:27:28,0,4,50,41,23.61,135,324,337,P8,54.0,4.25,3.28,54.0,0.43,100.0,,0,0,,
755.4,03:27:29,0,4,50,41,23.60,135,324,337,P8,55.0,4.26,3.28,54.0,0.43,99.3,,0,0,,
756.4,03:27:30,0,4,49,41,23.51,135,324,337,P8,55.0,4.25,3.28,55.0,0.43,100.0,,0,0,,
757.5,03:27:31,0,4,50,41,23.42,135,324,337,P8,55.0,4.26,3.74,56.0,0.43,99.4,,0,0,,
758.6,03:27:32,0,4,49,40,23.42,135,324,337,P8,46.0,3.9,3.74,46.0,0.43,97.1,,0,0,,
759.6,03:27:33,0,4,49,40,23.48,135,324,337,P8,38.0,4.58,3.74,38.0,0.43,15.2,,0,0,,
760.6,03:27:34,0,4,49,40,23.54,135,324,337,P8,33.0,4.65,3.74,33.0,0.43,14.9,,0,0,,
761.6,03:27:35,0,4,48,40,23.54,135,324,337,P8,33.0,4.63,3.74,33.0,0.43,15.5,,0,0,,
762.7,03:27:36,0,4,48,40,23.53,135,324,337,P8,32.0,4.64,3.52,32.0,0.43,15.0,,0,0,,
763.7,03:27:37,0,4,48,40,23.53,135,324,337,P8,33.0,4.63,3.52,33.0,0.43,15.0,,0,0,,
764.7,03:27:38,0,4,48,40,23.53,135,324,337,P8,34.0,4.64,3.52,35.0,0.43,16.9,,0,0,,
765.8,03:27:39,0,4,48,40,23.53,135,324,337,P8,34.0,4.66,3.52,34.0,0.43,17.5,,0,0,,
766.8,03:27:40,0,4,48,40,23.63,135,324,335,P8,34.0,4.64,3.52,34.0,0.43,15.0,,0,0,,
767.8,03:27:41,0,4,47,39,23.44,135,324,335,P8,35.0,4.64,3.32,35.0,0.43,15.2,,0,0,,
768.8,03:27:42,0,4,47,39,23.44,135,324,335,P8,34.0,4.63,3.32,35.0,0.43,15.5,,0,0,,
769.9,03:27:43,0,4,47,38,23.54,135,324,335,P8,34.0,4.63,3.32,34.0,0.43,14.9,,0,0,,
770.9,03:27:44,0,4,47,38,23.45,135,324,335,P8,34.0,4.63,3.32,34.0,0.43,15.7,,0,0,,
771.9,03:27:45,0,4,47,38,23.45,135,324,335,P8,33.0,4.63,3.32,33.0,0.43,15.7,,0,0,,
773.0,03:27:46,0,4,47,38,23.45,135,324,335,P8,34.0,4.62,3.13,34.0,0.43,15.2,,0,0,,
774.0,03:27:48,0,4,46,37,23.45,135,324,335,P8,33.0,4.64,3.13,34.0,0.43,15.6,,0,0,,
775.0,03:27:49,0,4,46,37,23.45,135,324,335,P8,33.0,4.66,3.13,33.0,0.43,15.1,,0,0,,
776.0,03:27:50,0,4,46,37,23.43,135,324,335,P8,38.0,4.67,3.13,38.0,0.43,15.1,,0,0,,
777.1,03:27:51,0,4,46,37,23.42,135,324,335,P8,37.0,4.64,2.96,37.0,0.43,15.4,,0,0,,
778.1,03:27:52,0,4,46,37,23.33,135,324,335,P8,38.0,4.64,2.96,38.0,0.43,15.0,,0,0,,
779.1,03:27:53,0,4,46,37,23.42,135,324,335,P8,38.0,4.63,2.96,37.0,0.43,14.6,,0,0,,
780.1,03:27:54,0,4,46,37,23.43,135,324,335,P8,36.0,4.65,2.96,36.0,0.43,15.3,,0,0,,
781.2,03:27:55,0,4,46,37,23.33,135,324,335,P8,37.0,4.65,2.96,37.0,0.43,16.1,,0,0,,
782.2,03:27:56,0,4,45,36,23.43,135,324,335,P8,37.0,4.62,2.88,37.0,0.43,14.4,,0,0,,
783.2,03:27:57,0,4,45,36,23.43,135,324,335,P8,36.0,4.64,2.88,36.0,0.43,14.9,,0,0,,
784.2,03:27:58,0,4,45,35,23.33,135,324,335,P8,39.0,3.94,2.88,40.0,0.43,21.2,,0,0,,
785.3,03:27:59,0,4,45,35,23.30,135,324,335,P8,39.0,3.94,2.88,39.0,0.43,15.3,,0,0,,
786.3,03:28:00,2,5,45,35,23.39,135,324,335,P8,38.0,3.95,2.88,38.0,0.43,15.8,,0,0,,
787.3,03:28:01,0,4,45,35,23.29,135,324,335,P8,38.0,3.95,2.73,38.0,0.43,14.1,,0,0,,
788.3,03:28:02,0,4,45,35,23.30,135,324,335,P8,38.0,3.96,2.73,39.0,0.43,14.2,,0,0,,
789.3,03:28:03,0,4,44,34,23.30,135,324,335,P8,38.0,3.98,2.73,39.0,0.43,14.3,,0,0,,
790.4,03:28:04,0,4,44,34,23.29,135,324,335,P8,38.0,3.93,2.73,38.0,0.43,14.5,,0,0,,
791.4,03:28:05,0,4,44,34,23.29,135,324,335,P8,39.0,3.94,2.73,39.0,0.43,14.3,,0,0,,
792.4,03:28:06,0,4,44,34,23.30,135,324,335,P8,38.0,3.95,2.59,38.0,0.43,14.0,,0,0,,
793.4,03:28:07,0,4,44,34,23.29,135,324,335,P8,37.0,3.98,2.59,38.0,0.43,21.0,,0,0,,
794.4,03:28:08,0,4,44,34,23.29,135,324,335,P8,38.0,4.01,2.59,38.0,0.43,14.0,,0,0,,
795.5,03:28:09,0,4,44,34,23.29,135,324,335,P8,38.0,4.0,2.59,38.0,0.43,14.1,,0,0,,
796.5,03:28:10,0,4,44,34,23.29,135,324,335,P8,38.0,3.97,2.59,38.0,0.43,14.9,,0,0,,
797.5,03:28:11,0,4,44,34,23.29,135,324,335,P8,37.0,4.0,2.46,37.0,0.43,14.3,,0,0,,
798.5,03:28:12,0,4,44,34,23.29,135,324,335,P8,37.0,4.0,2.46,37.0,0.43,14.2,,0,0,,
799.6,03:28:13,0,4,43,34,23.29,135,324,335,P8,38.0,3.97,2.46,38.0,0.43,14.0,,0,0,,
800.6,03:28:14,0,4,43,34,23.29,135,324,335,P8,38.0,3.98,2.46,38.0,0.43,13.9,,0,0,,
801.6,03:28:15,0,4,43,34,23.29,135,324,335,P8,38.0,3.93,2.46,38.0,0.43,14.0,,0,0,,
802.6,03:28:16,0,4,43,34,23.23,135,324,335,P8,37.0,4.04,2.35,37.0,0.43,14.2,,0,0,,
803.6,03:28:17,0,4,43,34,23.23,135,324,335,P8,36.0,4.12,2.35,36.0,0.43,14.2,,0,0,,
804.7,03:28:18,0,4,43,34,23.13,135,324,335,P8,37.0,4.1,2.35,36.0,0.43,14.8,,0,0,,
805.7,03:28:19,0,4,43,34,23.23,135,324,335,P8,34.0,4.12,2.35,34.0,0.43,14.9,,0,0,,
806.7,03:28:20,0,4,43,34,23.13,135,324,335,P8,34.0,4.12,2.35,35.0,0.43,14.2,,0,0,,
807.7,03:28:21,0,4,43,34,23.13,135,324,335,P8,36.0,4.18,2.24,37.0,0.43,14.8,,0,0,,
808.8,03:28:22,0,4,43,34,23.11,135,324,335,P8,33.0,4.14,2.24,33.0,0.43,14.5,,0,0,,
809.8,03:28:23,0,4,42,34,23.11,135,324,335,P8,35.0,4.16,2.24,35.0,0.43,13.8,,0,0,,
810.8,03:28:24,0,4,43,34,23.11,135,324,335,P8,35.0,4.09,2.24,36.0,0.43,14.2,,0,0,,
811.8,03:28:25,0,4,42,34,23.21,135,324,335,P8,35.0,4.09,2.24,35.0,0.43,14.1,,0,0,,
812.9,03:28:26,0,4,42,34,23.11,135,324,335,P8,35.0,4.09,2.14,35.0,0.43,13.7,,0,0,,
813.9,03:28:27,0,4,42,34,23.21,135,324,335,P8,33.0,4.09,2.14,33.0,0.43,14.2,,0,0,,
814.9,03:28:28,0,4,42,34,23.11,135,324,335,P8,36.0,4.1,2.14,36.0,0.43,14.1,,0,0,,
815.9,03:28:29,0,4,42,34,23.11,135,324,335,P8,36.0,4.1,2.14,35.0,0.43,14.6,,0,0,,
816.9,03:28:30,0,4,42,34,23.11,135,324,335,P8,35.0,4.1,2.14,35.0,0.43,14.0,,0,0,,
818.0,03:28:31,0,4,42,33,23.11,135,324,335,P8,34.0,4.08,2.05,34.0,0.43,14.2,,0,0,,
819.0,03:28:33,0,4,42,33,23.21,135,324,335,P8,35.0,4.11,2.05,35.0,0.43,13.8,,0,0,,
820.0,03:28:34,0,4,42,32,23.21,135,324,335,P8,35.0,4.08,2.05,34.0,0.43,14.2,,0,0,,
821.0,03:28:35,0,4,42,32,23.21,135,324,335,P8,33.0,4.06,2.05,33.0,0.43,14.4,,0,0,,
822.1,03:28:36,0,4,42,32,23.21,135,324,335,P8,35.0,4.03,2.04,34.0,0.43,14.4,,0,0,,
823.1,03:28:37,0,4,41,32,23.21,135,324,335,P8,35.0,4.01,2.04,35.0,0.43,14.9,,0,0,,
824.1,03:28:38,0,4,41,31,23.11,135,324,335,P8,35.0,4.03,2.04,35.0,0.43,14.3,,0,0,,
825.1,03:28:39,0,4,41,31,23.11,135,324,335,P8,36.0,4.02,2.04,34.0,0.43,13.9,,0,0,,
826.1,03:28:40,0,4,41,31,23.11,135,324,335,P8,35.0,4.01,2.04,35.0,0.43,14.3,,0,0,,
827.2,03:28:41,0,4,41,31,23.01,135,324,335,P8,35.0,4.02,1.96,35.0,0.43,14.1,,0,0,,
828.2,03:28:42,0,4,41,31,23.11,135,324,335,P8,35.0,4.01,1.96,35.0,0.43,14.0,,0,0,,
829.2,03:28:43,0,4,41,31,23.11,135,324,335,P8,36.0,4.05,1.96,36.0,0.43,15.1,,0,0,,
830.2,03:28:44,0,4,41,31,23.11,135,324,335,P8,36.0,4.05,1.96,36.0,0.43,14.5,,0,0,,
831.2,03:28:45,0,4,41,31,23.01,135,324,335,P8,34.0,4.07,1.96,34.0,0.43,14.0,,0,0,,
832.3,03:28:46,0,4,41,31,23.11,135,324,335,P8,37.0,4.03,1.88,37.0,0.43,14.1,,0,0,,
833.3,03:28:47,0,4,41,31,23.11,135,324,335,P8,35.0,4.07,1.88,34.0,0.43,14.1,,0,0,,
834.3,03:28:48,0,4,41,31,23.01,135,324,335,P8,34.0,4.05,1.88,34.0,0.43,13.9,,0,0,,
835.3,03:28:49,0,4,41,31,23.07,135,324,335,P8,37.0,4.02,1.88,37.0,0.43,20.9,,0,0,,
836.3,03:28:50,0,4,40,31,23.13,135,324,335,P8,36.0,3.98,1.88,36.0,0.43,14.3,,0,0,,
837.4,03:28:51,0,4,40,31,23.03,135,324,335,P8,36.0,4.0,1.81,36.0,0.43,14.0,,0,0,,
838.4,03:28:52,0,4,40,31,23.13,135,324,335,P8,37.0,3.98,1.81,37.0,0.43,14.6,,0,0,,
839.4,03:28:53,0,4,40,31,23.12,135,324,335,P8,38.0,3.98,1.81,38.0,0.43,14.3,,0,0,,
840.4,03:28:54,0,4,40,31,23.12,135,324,335,P8,37.0,3.97,1.81,37.0,0.43,14.0,,0,0,,
841.4,03:28:55,0,4,40,31,23.22,135,324,335,P8,37.0,3.99,1.81,37.0,0.43,14.7,,0,0,,
842.5,03:28:56,0,4,40,31,23.22,135,324,335,P8,37.0,4.04,1.83,37.0,0.43,14.2,,0,0,,
843.5,03:28:57,0,4,40,31,23.08,135,324,335,P8,38.0,3.91,1.83,38.0,0.43,20.5,,0,0,,
844.5,03:28:58,0,4,40,31,23.11,135,324,335,P8,40.0,4.65,1.83,40.0,0.43,13.9,,0,0,,
845.6,03:28:59,0,4,40,31,23.26,135,324,335,P8,33.0,4.67,1.83,33.0,0.43,15.3,,0,0,,
846.6,03:29:00,0,4,40,31,23.16,135,324,335,P8,34.0,4.67,1.83,34.0,0.43,16.0,,0,0,,
847.6,03:29:01,0,4,40,31,23.26,135,324,335,P8,32.0,4.63,1.76,32.0,0.43,15.9,,0,0,,
848.6,03:29:02,0,4,40,31,23.16,135,324,335,P8,31.0,4.64,1.76,31.0,0.43,15.6,,0,0,,
849.7,03:29:03,0,4,40,31,23.26,135,324,335,P8,33.0,4.64,1.76,33.0,0.43,17.9,,0,0,,
850.7,03:29:04,0,4,40,31,23.16,135,324,335,P8,32.0,4.65,1.76,32.0,0.43,15.9,,0,0,,
851.7,03:29:05,0,4,39,31,23.06,135,324,335,P8,33.0,4.64,1.76,34.0,0.43,16.1,,0,0,,
852.8,03:29:06,0,4,39,31,23.06,135,324,335,P8,32.0,4.65,1.78,32.0,0.43,15.5,,0,0,,
853.8,03:29:07,0,4,40,31,22.90,135,324,335,P8,53.0,3.96,1.78,53.0,0.43,72.0,,0,0,,
854.9,03:29:08,0,4,39,31,22.90,135,324,335,P8,54.0,3.96,1.78,53.0,0.43,100.0,,0,0,,
855.9,03:29:09,0,4,39,31,22.91,135,324,335,P8,51.0,3.97,1.78,51.0,0.43,100.0,,0,0,,
857.0,03:29:11,0,4,39,31,23.09,135,324,335,P8,54.0,3.97,1.78,54.0,0.43,100.0,,0,0,,
858.0,03:29:12,0,4,39,31,23.09,135,324,335,P8,54.0,3.96,2.36,53.0,0.43,100.0,,0,0,,
859.1,03:29:13,0,4,39,31,23.01,135,324,335,P8,50.0,3.95,2.36,53.0,0.43,100.0,,0,0,,
860.1,03:29:14,0,4,39,31,23.00,135,324,335,P8,54.0,3.98,2.36,54.0,0.43,100.0,,0,0,,
861.2,03:29:15,0,4,39,31,23.00,135,324,335,P8,54.0,3.95,2.36,54.0,0.43,100.0,,0,0,,
862.2,03:29:16,0,4,39,31,23.00,135,324,335,P8,54.0,3.97,2.81,54.0,0.43,100.0,,0,0,,
863.3,03:29:17,0,4,39,31,23.00,135,324,335,P8,55.0,3.97,2.81,56.0,0.43,100.0,,0,0,,
864.3,03:29:18,0,4,39,31,23.00,135,324,335,P8,52.0,3.99,2.81,53.0,0.43,100.0,,0,0,,
865.4,03:29:19,0,4,39,31,23.00,135,324,335,P8,54.0,3.99,2.81,54.0,0.43,100.0,,0,0,,
866.5,03:29:20,0,4,39,31,22.99,135,324,335,P8,53.0,3.95,2.81,53.0,0.43,100.0,,0,0,,
867.5,03:29:21,0,4,39,31,22.99,135,324,335,P8,54.0,3.95,3.39,54.0,0.43,100.0,,0,0,,
868.6,03:29:22,0,4,39,31,22.89,135,324,335,P8,53.0,3.94,3.39,53.0,0.43,100.0,,0,0,,
869.6,03:29:23,0,4,38,31,22.99,135,324,335,P8,55.0,3.94,3.39,55.0,0.43,100.0,,0,0,,
870.7,03:29:24,0,4,39,31,23.00,135,324,335,P8,54.0,3.93,3.39,54.0,0.43,100.0,,0,0,,
871.7,03:29:25,0,4,39,31,23.09,135,324,335,P8,54.0,3.93,3.39,52.0,0.43,100.0,,0,0,,
872.8,03:29:26,0,4,38,31,23.01,135,324,335,P8,51.0,3.96,3.76,53.0,0.43,100.0,,0,0,,
873.8,03:29:27,0,4,39,31,23.10,135,324,333,P8,55.0,3.91,3.76,56.0,0.43,100.0,,0,0,,
874.9,03:29:28,0,4,38,31,23.09,135,324,333,P8,51.0,3.91,3.76,51.0,0.43,100.0,,0,0,,
876.0,03:29:29,0,4,38,31,23.10,135,324,333,P8,54.0,3.91,3.76,53.0,0.43,100.0,,0,0,,
877.0,03:29:31,0,4,38,31,23.09,135,324,333,P8,50.0,3.91,4.18,52.0,0.43,100.0,,0,0,,
878.1,03:29:32,0,4,38,30,22.91,135,324,333,P8,53.0,3.94,4.18,53.0,0.43,100.0,,0,0,,
879.1,03:29:33,0,4,38,30,22.91,135,324,333,P8,55.0,3.93,4.18,54.0,0.43,100.0,,0,0,,
880.2,03:29:34,0,4,38,29,22.89,135,324,333,P8,55.0,3.92,4.18,55.0,0.43,100.0,,0,0,,
881.2,03:29:35,0,4,38,29,22.90,135,324,333,P8,53.0,3.92,4.18,53.0,0.43,100.0,,0,0,,
882.3,03:29:36,0,4,38,29,22.90,135,324,333,P8,55.0,3.92,4.48,55.0,0.43,100.0,,0,0,,
883.3,03:29:37,0,4,38,29,22.90,135,324,333,P8,55.0,3.9,4.48,55.0,0.43,100.0,,0,0,,
884.4,03:29:38,0,4,38,29,23.00,135,324,333,P8,55.0,3.87,4.48,55.0,0.43,100.0,,0,0,,
885.4,03:29:39,0,4,38,28,22.99,135,324,333,P8,56.0,3.9,4.48,56.0,0.43,100.0,,0,0,,
886.5,03:29:40,0,4,38,28,22.99,135,324,333,P8,55.0,3.9,4.48,55.0,0.43,100.0,,0,0,,
887.6,03:29:41,0,4,38,28,22.99,135,324,333,P8,56.0,3.9,4.84,56.0,0.43,100.0,,0,0,,
888.6,03:29:42,0,4,38,28,22.89,135,324,333,P8,56.0,3.92,4.84,56.0,0.43,100.0,,0,0,,
889.7,03:29:43,0,4,38,28,22.89,135,324,333,P8,53.0,3.95,4.84,53.0,0.43,100.0,,0,0,,
890.7,03:29:44,0,4,38,28,22.80,135,324,333,P8,56.0,3.93,4.84,56.0,0.43,100.0,,0,0,,
891.8,03:29:45,0,4,38,28,22.89,135,324,333,P8,55.0,3.91,4.84,55.0,0.43,100.0,,0,0,,
892.8,03:29:46,0,4,38,28,22.91,135,324,333,P8,53.0,3.91,5.1,53.0,0.43,99.9,,0,0,,
893.9,03:29:47,0,4,38,28,22.91,135,324,333,P8,56.0,3.92,5.1,56.0,0.43,100.0,,0,0,,
894.9,03:29:48,0,4,37,28,22.91,135,324,333,P8,55.0,3.91,5.1,55.0,0.43,100.0,,0,0,,
896.0,03:29:50,0,4,37,28,22.91,135,324,333,P8,55.0,3.89,5.1,55.0,0.43,100.0,,0,0,,
897.0,03:29:51,0,4,37,28,23.00,135,324,333,P8,55.0,3.93,5.33,55.0,0.43,100.0,,0,0,,
898.1,03:29:52,0,4,37,28,22.81,135,324,333,P8,57.0,3.93,5.33,56.0,0.43,100.0,,0,0,,
899.1,03:29:53,0,4,37,28,22.81,135,324,333,P8,56.0,3.93,5.33,56.0,0.43,100.0,,0,0,,
900.2,03:29:54,0,4,37,28,22.81,135,324,333,P8,55.0,3.92,5.33,55.0,0.43,100.0,,0,0,,
901.2,03:29:55,0,4,37,28,22.81,135,324,333,P8,54.0,3.94,5.33,54.0,0.43,100.0,,0,0,,
902.3,03:29:56,0,4,37,28,22.91,135,324,333,P8,55.0,3.91,5.62,55.0,0.43,100.0,,0,0,,
903.4,03:29:57,0,4,37,28,23.00,135,324,333,P8,56.0,3.94,5.62,56.0,0.43,100.0,,0,0,,
904.4,03:29:58,0,4,37,28,22.91,135,324,333,P8,53.0,3.9,5.62,54.0,0.43,100.0,,0,0,,
905.5,03:29:59,0,4,37,28,23.00,135,324,333,P8,56.0,3.91,5.62,56.0,0.43,100.0,,0,0,,
906.5,03:30:00,0,4,37,28,22.99,135,324,333,P8,57.0,3.9,5.62,57.0,0.43,100.0,,0,0,,
907.6,03:30:01,0,4,37,28,22.89,135,324,333,P8,55.0,3.93,5.81,54.0,0.43,100.0,,0,0,,
908.6,03:30:02,0,4,37,28,22.80,135,324,333,P8,56.0,3.92,5.81,56.0,0.43,100.0,,0,0,,
909.7,03:30:03,0,4,37,28,22.89,135,324,333,P8,55.0,3.89,5.81,56.0,0.43,100.0,,0,0,,
910.7,03:30:04,0,4,37,28,22.81,135,324,333,P8,51.0,3.88,5.81,55.0,0.43,100.0,,0,0,,
911.8,03:30:05,0,4,37,28,22.81,135,324,333,P8,55.0,3.91,5.81,56.0,0.43,100.0,,0,0,,
912.8,03:30:06,0,4,37,28,22.80,135,324,333,P8,55.0,3.9,5.99,55.0,0.43,100.0,,0,0,,
913.9,03:30:07,0,4,37,28,22.81,135,324,333,P8,57.0,3.89,5.99,57.0,0.43,100.0,,0,0,,
915.0,03:30:08,0,4,37,28,22.91,135,324,333,P8,55.0,3.92,5.99,56.0,0.43,100.0,,0,0,,
916.0,03:30:10,0,4,37,28,22.91,135,324,333,P8,56.0,3.93,5.99,56.0,0.43,100.0,,0,0,,
917.1,03:30:11,0,4,37,28,22.91,135,324,333,P8,56.0,3.94,6.23,55.0,0.43,100.0,,0,0,,
918.1,03:30:12,0,4,37,28,23.00,135,324,333,P8,57.0,3.91,6.23,56.0,0.43,100.0,,0,0,,
919.2,03:30:13,0,4,37,28,22.91,135,324,333,P8,55.0,3.94,6.23,55.0,0.43,100.0,,0,0,,
920.2,03:30:14,0,4,37,28,22.80,135,324,333,P8,55.0,3.94,6.23,55.0,0.43,100.0,,0,0,,
921.3,03:30:15,0,4,37,28,22.81,135,324,333,P8,57.0,3.93,6.23,56.0,0.43,100.0,,0,0,,
922.3,03:30:16,0,4,37,28,22.81,135,324,333,P8,54.0,3.92,6.45,54.0,0.43,100.0,,0,0,,
923.4,03:30:17,0,4,37,28,22.81,135,324,333,P8,57.0,3.94,6.45,57.0,0.43,100.0,,0,0,,
924.4,03:30:18,0,4,36,28,22.81,135,324,333,P8,56.0,3.9,6.45,57.0,0.43,100.0,,0,0,,
925.5,03:30:19,0,4,37,28,22.90,135,324,333,P8,56.0,3.9,6.45,56.0,0.43,100.0,,0,0,,
926.5,03:30:20,0,4,36,28,22.91,135,324,333,P8,56.0,3.94,6.45,56.0,0.43,100.0,,0,0,,
927.6,03:30:21,0,4,36,28,22.91,135,324,333,P8,57.0,3.9,6.58,57.0,0.43,100.0,,0,0,,
928.6,03:30:22,0,4,36,28,22.89,135,324,333,P8,55.0,3.92,6.58,55.0,0.43,100.0,,0,0,,
929.7,03:30:23,0,4,36,28,22.91,135,324,333,P8,56.0,3.91,6.58,56.0,0.43,100.0,,0,0,,
930.7,03:30:24,0,4,36,28,22.91,135,324,333,P8,56.0,3.91,6.58,51.0,0.43,100.0,,0,0,,
931.8,03:30:25,0,4,36,28,22.91,135,324,333,P8,54.0,3.91,6.58,56.0,0.43,100.0,,0,0,,
932.8,03:30:26,0,4,36,28,22.91,135,324,333,P8,56.0,3.93,6.69,55.0,0.43,100.0,,0,0,,
933.9,03:30:27,0,4,36,28,22.91,135,324,333,P8,56.0,3.92,6.69,56.0,0.43,99.9,,0,0,,
935.0,03:30:28,0,4,36,28,22.81,135,324,333,P8,57.0,3.9,6.69,58.0,0.43,100.0,,0,0,,
936.0,03:30:30,0,4,36,28,22.81,135,324,333,P8,56.0,3.9,6.69,55.0,0.43,100.0,,0,0,,
937.1,03:30:31,0,4,36,28,22.91,135,324,333,P8,56.0,3.91,6.88,56.0,0.43,100.0,,0,0,,
938.1,03:30:32,0,4,36,28,22.91,135,324,333,P8,56.0,3.92,6.88,55.0,0.43,100.0,,0,0,,
939.2,03:30:33,0,4,36,28,22.91,135,324,333,P8,57.0,3.92,6.88,57.0,0.43,100.0,,0,0,,
940.2,03:30:34,0,5,36,28,22.90,135,324,333,P8,56.0,3.94,6.88,55.0,0.43,100.0,,0,0,,
941.3,03:30:35,0,4,36,28,22.90,135,324,333,P8,57.0,3.93,6.88,57.0,0.43,100.0,,0,0,,
942.3,03:30:36,0,4,36,28,22.81,135,324,333,P8,55.0,3.89,6.97,55.0,0.43,100.0,,0,0,,
943.4,03:30:37,0,4,36,28,22.90,135,324,333,P8,57.0,3.91,6.97,55.0,0.43,100.0,,0,0,,
944.4,03:30:38,0,4,36,28,22.90,135,324,333,P8,58.0,3.93,6.97,58.0,0.43,100.0,,0,0,,
945.5,03:30:39,0,4,36,28,22.90,135,324,333,P8,56.0,3.9,6.97,56.0,0.43,100.0,,0,0,,
946.5,03:30:40,0,4,36,28,22.80,135,324,333,P8,56.0,3.89,6.97,54.0,0.43,100.0,,0,0,,
947.6,03:30:41,0,4,36,28,22.81,135,324,333,P8,57.0,3.89,7.05,57.0,0.43,100.0,,0,0,,
948.6,03:30:42,0,4,36,28,22.81,135,324,333,P8,56.0,3.88,7.05,56.0,0.43,100.0,,0,0,,
949.7,03:30:43,0,4,36,28,22.91,135,324,333,P8,57.0,3.88,7.05,56.0,0.43,100.0,,0,0,,
950.7,03:30:44,0,4,36,28,22.81,135,324,333,P8,57.0,3.89,7.05,55.0,0.43,100.0,,0,0,,
951.8,03:30:45,0,4,36,28,23.00,135,324,333,P8,55.0,3.91,7.05,55.0,0.43,100.0,,0,0,,
952.9,03:30:46,0,4,36,28,23.00,135,324,333,P8,56.0,3.9,7.13,56.0,0.43,100.0,,0,0,,
953.9,03:30:47,0,4,36,28,22.99,135,324,333,P8,55.0,3.91,7.13,55.0,0.43,100.0,,0,0,,
955.0,03:30:48,0,4,36,28,22.99,135,324,333,P8,55.0,3.92,7.13,56.0,0.43,100.0,,0,0,,
956.0,03:30:50,0,4,36,28,22.90,135,324,333,P8,57.0,3.93,7.13,56.0,0.43,100.0,,0,0,,
957.1,03:30:51,0,4,36,28,22.91,135,324,333,P8,57.0,3.89,7.2,55.0,0.43,100.0,,0,0,,
958.1,03:30:52,0,4,36,28,22.89,135,324,333,P8,56.0,3.88,7.2,55.0,0.43,100.0,,0,0,,
959.2,03:30:53,0,4,36,28,22.91,135,324,333,P8,56.0,3.92,7.2,56.0,0.43,100.0,,0,0,,
960.2,03:30:54,0,4,35,28,22.91,135,324,333,P8,56.0,3.89,7.2,56.0,0.43,100.0,,0,0,,
961.3,03:30:55,0,4,35,28,22.99,135,324,333,P8,56.0,3.91,7.2,57.0,0.43,100.0,,0,0,,
962.3,03:30:56,0,4,35,28,22.99,135,324,333,P8,58.0,3.91,7.26,58.0,0.43,100.0,,0,0,,
963.4,03:30:57,0,4,35,28,23.00,135,324,333,P8,55.0,3.91,7.26,55.0,0.43,100.0,,0,0,,
964.4,03:30:58,0,4,35,28,22.91,135,324,333,P8,57.0,3.92,7.26,57.0,0.43,100.0,,0,0,,
965.5,03:30:59,0,4,35,28,22.90,135,324,333,P8,58.0,3.9,7.26,58.0,0.43,100.0,,0,0,,
966.5,03:31:00,0,4,35,28,22.90,135,324,333,P8,55.0,3.89,7.26,56.0,0.43,100.0,,0,0,,
967.6,03:31:01,0,4,35,28,22.90,135,324,333,P8,57.0,3.88,7.4,58.0,0.43,100.0,,0,0,,
968.7,03:31:02,0,4,35,28,22.81,135,324,333,P8,57.0,3.91,7.4,56.0,0.43,100.0,,0,0,,
969.7,03:31:03,0,4,35,28,22.91,135,324,333,P8,56.0,3.92,7.4,57.0,0.43,100.0,,0,0,,
970.8,03:31:04,0,4,35,28,22.81,135,324,333,P8,58.0,3.92,7.4,57.0,0.43,100.0,,0,0,,
971.8,03:31:05,0,4,35,28,22.91,135,324,333,P8,57.0,3.9,7.4,52.0,0.43,100.0,,0,0,,
972.9,03:31:06,0,4,35,28,22.91,135,324,333,P8,56.0,3.91,7.45,55.0,0.43,100.0,,0,0,,
973.9,03:31:07,0,4,35,28,23.05,135,324,333,P8,39.0,6.46,7.45,39.0,0.43,60.9,,0,0,,
974.9,03:31:08,0,4,35,28,23.06,135,324,333,P8,37.0,6.86,7.45,37.0,0.43,15.2,,0,0,,
976.0,03:31:09,0,4,35,28,23.16,135,324,333,P8,36.0,6.84,7.45,36.0,0.43,15.1,,0,0,,
977.0,03:31:11,0,4,35,28,23.06,135,324,333,P8,35.0,6.83,7.45,35.0,0.43,15.9,,0,0,,
978.0,03:31:12,0,4,35,28,22.97,135,324,333,P8,37.0,6.84,6.93,37.0,0.43,15.7,,0,0,,
979.0,03:31:13,0,4,35,28,22.97,135,324,333,P8,36.0,6.87,6.93,36.0,0.43,15.7,,0,0,,
980.1,03:31:14,0,4,35,28,23.06,135,324,333,P8,37.0,6.83,6.93,36.0,0.43,15.9,,0,0,,
981.1,03:31:15,0,4,35,28,23.06,135,324,333,P8,36.0,6.84,6.93,36.0,0.43,15.8,,0,0,,
982.1,03:31:16,0,4,35,28,23.06,135,324,333,P8,36.0,6.87,6.46,36.0,0.43,15.3,,0,0,,
983.2,03:31:17,0,4,35,28,23.06,135,324,333,P8,36.0,6.86,6.46,36.0,0.43,15.3,,0,0,,
984.2,03:31:18,0,4,35,28,22.97,135,324,333,P8,36.0,6.88,6.46,36.0,0.43,15.6,,0,0,,
985.2,03:31:19,0,4,35,28,22.97,135,324,333,P8,35.0,6.85,6.46,35.0,0.43,15.5,,0,0,,
986.2,03:31:20,0,4,35,28,22.97,135,324,333,P8,36.0,6.87,6.46,36.0,0.43,16.3,,0,0,,
987.3,03:31:21,0,4,35,28,22.97,135,324,333,P8,36.0,6.86,6.02,36.0,0.43,17.5,,0,0,,
988.3,03:31:22,0,4,35,28,22.98,135,324,333,P8,36.0,6.88,6.02,36.0,0.43,17.4,,0,0,,
989.3,03:31:23,0,4,35,28,22.98,135,324,333,P8,36.0,6.88,6.02,36.0,0.43,16.9,,0,0,,
990.4,03:31:24,0,4,35,28,22.98,135,324,333,P8,36.0,6.86,6.02,36.0,0.43,16.2,,0,0,,
991.4,03:31:25,0,4,34,28,23.08,135,324,333,P8,37.0,6.86,6.02,37.0,0.43,19.4,,0,0,,
992.4,03:31:26,0,4,35,28,23.06,135,324,333,P8,36.0,6.87,5.62,36.0,0.43,16.1,,0,0,,
993.5,03:31:27,0,4,35,28,23.06,135,324,333,P8,37.0,6.87,5.62,37.0,0.43,16.0,,0,0,,
994.5,03:31:28,0,4,34,28,22.97,135,324,333,P8,35.0,6.88,5.62,35.0,0.43,15.6,,0,0,,
995.5,03:31:29,0,4,34,28,22.97,135,324,333,P8,35.0,6.89,5.62,35.0,0.43,15.6,,0,0,,
996.5,03:31:30,0,4,34,28,22.87,135,324,333,P8,33.0,6.88,5.62,33.0,0.43,15.6,,0,0,,
997.6,03:31:31,0,4,34,28,22.98,135,324,333,P8,34.0,6.83,5.25,34.0,0.43,15.8,,0,0,,
998.6,03:31:32,0,4,34,28,22.98,135,324,333,P8,33.0,6.87,5.25,33.0,0.43,15.7,,0,0,,
999.6,03:31:33,0,4,34,28,22.98,135,324,333,P8,35.0,6.87,5.25,35.0,0.43,15.3,,0,0,,
1000.7,03:31:34,0,4,34,28,23.08,135,324,333,P8,35.0,6.86,5.25,35.0,0.43,15.0,,0,0,,
1001.7,03:31:35,0,4,34,28,22.97,135,324,333,P8,34.0,6.86,5.25,34.0,0.43,16.0,,0,0,,
1002.7,03:31:36,0,4,34,28,23.06,135,324,333,P8,34.0,6.88,4.91,34.0,0.43,15.8,,0,0,,
1003.8,03:31:37,0,4,34,28,22.97,135,324,333,P8,34.0,6.88,4.91,34.0,0.43,15.1,,0,0,,
1004.8,03:31:38,0,4,34,28,22.97,135,324,333,P8,35.0,7.13,4.91,35.0,0.43,15.8,,0,0,,
1005.8,03:31:39,0,4,34,28,22.87,135,324,333,P8,35.0,7.84,4.91,35.0,0.43,15.5,,0,0,,
1006.8,03:31:40,0,4,34,28,22.97,135,324,333,P8,35.0,7.83,4.91,35.0,0.43,15.2,,0,0,,
1007.9,03:31:41,0,4,34,28,22.97,135,324,333,P8,36.0,7.5,4.59,36.0,0.43,15.9,,0,0,,
1008.9,03:31:42,0,4,34,28,22.97,135,324,333,P8,35.0,7.87,4.59,35.0,0.43,18.1,,0,0,,
1009.9,03:31:43,0,4,34,28,22.98,135,324,333,P8,32.0,7.89,4.59,33.0,0.43,15.5,,0,0,,
1011.0,03:31:44,0,4,34,28,22.97,135,324,333,P8,33.0,7.85,4.59,32.0,0.43,15.8,,0,0,,
1012.0,03:31:46,0,4,34,28,22.97,135,324,333,P8,34.0,7.88,4.59,32.0,0.43,15.7,,0,0,,
1013.0,03:31:47,0,4,34,28,22.87,135,324,333,P8,34.0,7.48,4.31,33.0,0.43,15.9,,0,0,,
1014.1,03:31:48,0,4,34,28,22.88,135,324,333,P8,33.0,7.84,4.31,33.0,0.43,16.1,,0,0,,
1015.1,03:31:49,0,4,34,28,22.97,135,324,333,P8,34.0,7.0,4.31,34.0,0.43,15.6,,0,0,,
1016.1,03:31:50,0,4,34,28,22.93,135,324,333,P8,42.0,4.59,4.31,42.0,0.43,21.3,,0,0,,
1017.1,03:31:51,0,4,34,28,22.95,135,324,333,P8,38.0,7.75,4.04,38.0,0.43,21.8,,0,0,,
1018.2,03:31:52,0,4,34,28,22.93,135,324,333,P8,38.0,12.0,4.04,38.0,0.43,17.2,,0,0,,
1019.2,03:31:53,0,4,34,28,22.93,135,324,333,P8,39.0,11.99,4.04,39.0,0.43,14.7,,0,0,,
1020.2,03:31:54,0,4,34,28,22.95,135,324,333,P8,37.0,7.67,4.04,37.0,0.43,17.8,,0,0,,
1021.2,03:31:55,0,4,34,28,22.94,135,324,333,P8,38.0,11.96,4.04,38.0,0.43,16.4,,0,0,,
1022.3,03:31:56,0,4,34,28,23.03,135,324,333,P8,38.0,11.99,3.88,38.0,0.43,15.0,,0,0,,
1023.3,03:31:57,0,4,34,28,22.95,135,324,333,P8,36.0,6.09,3.88,36.0,0.43,21.5,,0,0,,
1024.3,03:31:58,0,4,34,28,23.08,135,324,333,P8,35.0,6.88,3.88,35.0,0.43,15.8,,0,0,,
1025.4,03:31:59,0,4,34,28,22.98,135,324,333,P8,34.0,6.87,3.88,34.0,0.43,15.6,,0,0,,
1026.4,03:32:00,0,4,34,28,22.88,135,324,333,P8,35.0,6.87,3.88,35.0,0.43,15.2,,0,0,,
1027.4,03:32:01,0,4,34,28,22.98,135,324,333,P8,35.0,6.88,3.65,35.0,0.43,16.4,,0,0,,
1028.4,03:32:02,0,4,34,28,22.98,135,324,333,P8,36.0,6.88,3.65,36.0,0.43,15.6,,0,0,,
1029.5,03:32:03,0,4,34,28,22.98,135,324,333,P8,35.0,6.87,3.65,35.0,0.43,15.3,,0,0,,
1030.5,03:32:04,0,4,34,28,22.97,135,324,333,P8,35.0,6.88,3.65,35.0,0.43,15.8,,0,0,,
1031.5,03:32:05,0,4,34,28,23.07,135,324,333,P8,37.0,6.87,3.65,37.0,0.43,15.6,,0,0,,
1032.6,03:32:06,0,4,34,28,22.97,135,324,333,P8,36.0,6.86,3.43,36.0,0.43,16.0,,0,0,,
1033.6,03:32:07,0,4,34,28,22.97,135,324,333,P8,36.0,6.87,3.43,36.0,0.43,15.9,,0,0,,
1034.6,03:32:08,0,4,34,28,22.88,135,324,333,P8,36.0,6.88,3.43,36.0,0.43,15.6,,0,0,,
1035.6,03:32:09,0,4,33,28,22.88,135,324,333,P8,37.0,6.87,3.43,37.0,0.43,15.0,,0,0,,
1036.7,03:32:10,0,4,33,28,23.08,135,324,333,P8,35.0,6.87,3.43,35.0,0.43,15.7,,0,0,,
1037.7,03:32:11,0,4,33,28,22.98,135,324,333,P8,35.0,6.89,3.32,35.0,0.43,15.8,,0,0,,
1038.7,03:32:12,0,4,34,28,22.98,135,324,333,P8,35.0,6.89,3.32,35.0,0.43,15.7,,0,0,,
1039.8,03:32:13,0,4,33,28,22.98,135,324,333,P8,34.0,6.88,3.32,34.0,0.43,16.0,,0,0,,
1040.8,03:32:14,0,4,34,28,23.07,135,324,333,P8,34.0,6.88,3.32,34.0,0.43,16.1,,0,0,,
1041.8,03:32:15,0,4,33,28,22.98,135,324,333,P8,34.0,6.89,3.32,35.0,0.43,16.0,,0,0,,
1042.9,03:32:16,0,4,33,28,22.98,135,324,333,P8,35.0,6.89,3.13,35.0,0.43,16.2,,0,0,,
1043.9,03:32:17,0,4,33,28,22.97,135,324,333,P8,34.0,6.85,3.13,34.0,0.43,16.1,,0,0,,
1044.9,03:32:18,0,4,34,28,22.98,135,324,333,P8,35.0,6.86,3.13,35.0,0.43,15.3,,0,0,,
1046.0,03:32:19,0,4,33,28,22.98,135,324,333,P8,36.0,6.87,3.13,36.0,0.43,15.9,,0,0,,
1047.0,03:32:21,0,4,33,28,22.98,135,324,333,P8,35.0,6.84,3.13,35.0,0.43,16.4,,0,0,,
1048.0,03:32:22,0,4,33,28,22.98,135,324,333,P8,35.0,6.86,2.96,35.0,0.43,15.6,,0,0,,
1049.1,03:32:23,0,4,33,28,22.98,135,324,333,P8,35.0,6.88,2.96,35.0,0.43,15.8,,0,0,,
1050.1,03:32:24,0,4,33,28,22.87,135,324,333,P8,35.0,6.84,2.96,35.0,0.43,16.1,,0,0,,
1051.1,03:32:25,0,4,33,28,22.88,135,324,333,P8,34.0,6.86,2.96,34.0,0.43,15.8,,0,0,,
1052.1,03:32:26,0,4,33,28,22.88,135,324,333,P8,34.0,6.86,2.97,33.0,0.43,17.5,,0,0,,
1053.2,03:32:27,0,4,33,28,22.98,135,324,333,P8,34.0,6.89,2.97,34.0,0.43,17.8,,0,0,,
1054.2,03:32:28,0,4,33,28,23.08,135,324,333,P8,34.0,6.86,2.97,34.0,0.43,15.4,,0,0,,
1055.2,03:32:29,0,4,33,28,23.08,135,324,333,P8,34.0,6.86,2.97,34.0,0.43,15.8,,0,0,,
1056.3,03:32:30,0,4,33,28,22.98,135,324,333,P8,33.0,6.86,2.97,33.0,0.43,15.7,,0,0,,
1057.3,03:32:31,0,4,33,28,23.08,135,324,333,P8,35.0,6.83,2.89,35.0,0.43,15.5,,0,0,,
1058.3,03:32:32,0,4,33,28,22.97,135,324,333,P8,33.0,6.85,2.89,33.0,0.43,16.6,,0,0,,
1059.3,03:32:33,0,4,33,28,22.88,135,324,333,P8,33.0,6.86,2.89,33.0,0.43,15.7,,0,0,,
1060.4,03:32:34,0,4,33,28,22.88,135,324,333,P8,35.0,6.84,2.89,35.0,0.43,15.3,,0,0,,
1061.4,03:32:35,0,4,33,28,22.98,135,324,333,P8,35.0,6.85,2.89,35.0,0.43,15.5,,0,0,,
1062.4,03:32:36,0,4,33,28,22.98,135,324,333,P8,34.0,6.86,2.74,34.0,0.43,16.0,,0,0,,
1063.5,03:32:37,0,4,33,28,22.98,135,324,333,P8,34.0,6.86,2.74,34.0,0.43,15.3,,0,0,,
1064.5,03:32:38,0,4,33,28,22.98,135,324,333,P8,34.0,6.87,2.74,34.0,0.43,15.8,,0,0,,
1065.5,03:32:39,0,4,33,28,22.98,135,324,333,P8,34.0,6.83,2.74,34.0,0.43,15.7,,0,0,,
1066.6,03:32:40,0,4,33,28,22.88,135,324,333,P8,34.0,6.85,2.74,34.0,0.43,15.2,,0,0,,
1067.6,03:32:41,0,4,33,28,22.87,135,324,333,P8,35.0,6.88,2.68,35.0,0.43,16.2,,0,0,,
1068.6,03:32:42,0,4,33,28,22.88,135,324,333,P8,36.0,6.88,2.68,36.0,0.43,16.0,,0,0,,
1069.7,03:32:43,0,4,33,28,22.98,135,324,333,P8,34.0,6.89,2.68,34.0,0.43,15.2,,0,0,,
1070.7,03:32:44,0,4,33,28,22.98,135,324,333,P8,35.0,6.85,2.68,35.0,0.43,16.0,,0,0,,
1071.7,03:32:45,0,4,33,28,22.98,135,324,333,P8,36.0,6.87,2.68,35.0,0.43,16.4,,0,0,,
1072.8,03:32:46,0,4,33,28,22.98,135,324,333,P8,35.0,6.87,2.62,35.0,0.43,17.1,,0,0,,
1073.8,03:32:47,0,4,33,28,23.06,135,324,333,P8,34.0,6.86,2.62,34.0,0.43,16.6,,0,0,,
1074.8,03:32:48,0,4,33,28,22.87,135,324,333,P8,37.0,6.87,2.62,37.0,0.43,16.3,,0,0,,
1075.8,03:32:49,0,4,33,28,22.88,135,324,333,P8,35.0,6.88,2.62,35.0,0.43,15.6,,0,0,,
1076.9,03:32:50,0,4,33,28,22.88,135,324,333,P8,34.0,6.86,2.62,34.0,0.43,15.8,,0,0,,
1077.9,03:32:51,0,4,33,28,22.98,135,324,333,P8,34.0,6.86,2.57,34.0,0.43,16.1,,0,0,,
1078.9,03:32:52,0,4,33,28,22.98,135,324,333,P8,35.0,6.86,2.57,35.0,0.43,15.6,,0,0,,
1080.0,03:32:53,0,4,33,28,22.98,135,324,333,P8,33.0,6.89,2.57,33.0,0.43,15.4,,0,0,,
1081.0,03:32:55,0,4,33,28,22.98,135,324,333,P8,34.0,6.87,2.57,34.0,0.43,16.2,,0,0,,
1082.0,03:32:56,0,4,33,28,22.88,135,324,333,P8,34.0,6.87,2.57,34.0,0.43,15.3,,0,0,,
1083.1,03:32:57,0,4,33,28,22.88,135,324,333,P8,34.0,6.87,2.53,34.0,0.43,16.5,,0,0,,
1084.1,03:32:58,0,4,33,28,22.88,135,324,333,P8,35.0,6.85,2.53,35.0,0.43,16.8,,0,0,,
1085.1,03:32:59,0,4,33,28,22.98,135,324,333,P8,33.0,6.86,2.53,33.0,0.43,19.5,,0,0,,
1086.2,03:33:00,0,4,33,28,22.98,135,324,333,P8,35.0,6.86,2.53,35.0,0.43,16.5,,0,0,,
1087.2,03:33:01,0,4,33,28,22.98,135,324,333,P8,34.0,6.88,2.4,34.0,0.43,15.8,,0,0,,
1088.2,03:33:02,0,4,33,28,22.98,135,324,333,P8,34.0,6.89,2.4,34.0,0.43,16.3,,0,0,,
1089.3,03:33:03,0,4,33,28,22.88,135,324,333,P8,35.0,6.87,2.4,35.0,0.43,15.7,,0,0,,
1090.3,03:33:04,0,4,33,28,22.88,135,324,333,P8,35.0,6.86,2.4,35.0,0.43,15.9,,0,0,,
1091.3,03:33:05,0,4,33,28,22.87,135,324,333,P8,35.0,6.85,2.4,35.0,0.43,15.9,,0,0,,
1092.3,03:33:06,0,4,33,28,22.98,135,324,333,P8,35.0,6.85,2.29,35.0,0.43,15.7,,0,0,,
1093.4,03:33:07,0,4,33,28,22.98,135,324,333,P8,35.0,6.86,2.29,35.0,0.43,15.6,,0,0,,
1094.4,03:33:08,0,4,33,28,22.95,135,324,333,P8,35.0,6.9,2.29,35.0,0.43,22.2,,0,0,,
1095.4,03:33:09,0,4,32,28,22.77,135,324,336,P8,34.0,6.9,2.29,34.0,0.43,21.8,,0,0,,
1096.5,03:33:10,0,4,33,28,22.97,135,324,336,P8,36.0,6.93,2.29,36.0,0.43,15.7,,0,0,,
1097.5,03:33:11,0,4,32,28,22.98,135,324,336,P8,35.0,6.97,2.19,35.0,0.43,16.8,,0,0,,
1098.5,03:33:12,0,4,33,28,22.98,135,324,336,P8,35.0,6.94,2.19,35.0,0.43,17.2,,0,0,,
1099.6,03:33:13,0,4,32,28,22.98,135,324,336,P8,35.0,6.93,2.19,35.0,0.43,15.5,,0,0,,
1100.6,03:33:14,0,4,32,28,22.88,135,324,336,P8,30.0,6.94,2.19,30.0,0.43,15.5,,0,0,,
1101.6,03:33:15,0,4,32,28,22.88,135,324,336,P8,32.0,6.92,2.19,30.0,0.43,15.1,,0,0,,
1102.6,03:33:16,0,4,32,28,22.78,135,324,336,P8,31.0,6.91,2.17,32.0,0.43,15.9,,0,0,,
1103.7,03:33:17,0,4,33,28,22.88,135,324,336,P8,32.0,6.9,2.17,31.0,0.43,15.6,,0,0,,
1104.7,03:33:18,0,4,32,28,22.98,135,324,336,P8,31.0,6.9,2.17,31.0,0.43,15.9,,0,0,,
1105.7,03:33:19,0,4,32,28,22.98,135,324,336,P8,32.0,6.89,2.17,33.0,0.43,16.2,,0,0,,
1106.8,03:33:20,0,4,32,28,22.98,135,324,336,P8,32.0,6.91,2.17,33.0,0.43,16.1,,0,0,,
1107.8,03:33:21,0,4,32,28,22.97,135,324,336,P8,32.0,6.94,2.08,32.0,0.43,16.0,,0,0,,
1108.8,03:33:22,0,4,32,28,22.88,135,324,336,P8,31.0,6.9,2.08,32.0,0.43,16.1,,0,0,,
1109.9,03:33:23,0,4,32,28,22.98,135,324,336,P8,30.0,6.91,2.08,30.0,0.43,16.4,,0,0,,
1110.9,03:33:24,0,4,32,28,22.88,135,324,336,P8,31.0,6.91,2.08,31.0,0.43,15.4,,0,0,,
1111.9,03:33:25,0,4,32,28,22.88,135,324,336,P8,31.0,6.91,2.08,31.0,0.43,15.6,,0,0,,
1112.9,03:33:26,0,4,32,28,22.88,135,324,336,P8,31.0,6.95,1.99,31.0,0.43,16.3,,0,0,,
1114.0,03:33:28,0,4,32,28,22.98,135,324,336,P8,31.0,6.94,1.99,31.0,0.43,15.4,,0,0,,
1115.0,03:33:29,0,4,32,28,22.98,135,324,336,P8,31.0,6.94,1.99,31.0,0.43,16.0,,0,0,,
1116.0,03:33:30,0,4,32,28,22.98,135,324,336,P8,32.0,6.91,1.99,32.0,0.43,16.5,,0,0,,
1117.1,03:33:31,0,4,32,28,22.98,135,324,336,P8,32.0,6.9,1.91,33.0,0.43,17.2,,0,0,,
1118.1,03:33:32,0,4,32,28,22.88,135,324,336,P8,33.0,6.91,1.91,32.0,0.43,17.1,,0,0,,
1119.1,03:33:33,0,4,32,28,22.78,135,324,336,P8,31.0,6.9,1.91,31.0,0.43,15.5,,0,0,,
1120.2,03:33:34,0,4,32,28,22.98,135,324,336,P8,32.0,6.91,1.91,32.0,0.43,14.9,,0,0,,
1121.2,03:33:35,0,4,32,28,22.98,135,324,336,P8,33.0,6.91,1.91,33.0,0.43,15.6,,0,0,,
1122.2,03:33:36,0,4,32,28,22.98,135,324,336,P8,33.0,6.89,1.84,33.0,0.43,15.9,,0,0,,
1123.3,03:33:37,0,4,32,28,22.98,135,324,336,P8,31.0,6.91,1.84,31.0,0.43,16.0,,0,0,,
1124.3,03:33:38,0,4,32,28,22.88,135,324,336,P8,33.0,6.93,1.84,33.0,0.43,16.1,,0,0,,
1125.3,03:33:39,0,4,32,28,22.88,135,324,335,P8,34.0,6.9,1.84,34.0,0.43,17.3,,0,0,,
1126.3,03:33:40,0,4,32,28,22.88,135,324,333,P8,31.0,6.88,1.84,31.0,0.43,15.1,,0,0,,
1127.4,03:33:41,0,4,32,28,22.88,135,324,333,P8,32.0,6.89,1.77,32.0,0.43,15.6,,0,0,,
1128.4,03:33:42,0,4,32,28,22.98,135,324,333,P8,33.0,6.88,1.77,33.0,0.43,16.4,,0,0,,
1129.4,03:33:43,0,4,32,28,22.88,135,324,333,P8,31.0,6.89,1.77,31.0,0.43,15.2,,0,0,,
1130.5,03:33:44,0,4,32,28,22.88,135,324,333,P8,32.0,6.89,1.77,31.0,0.43,16.1,,0,0,,
1131.5,03:33:45,0,4,32,28,22.98,135,324,333,P8,31.0,6.9,1.77,31.0,0.43,15.6,,0,0,,
1132.5,03:33:46,0,4,32,28,22.88,135,324,333,P8,31.0,6.91,1.71,32.0,0.43,15.6,,0,0,,
1133.5,03:33:47,0,4,32,28,22.88,135,324,333,P8,32.0,6.89,1.71,32.0,0.43,15.5,,0,0,,
1134.6,03:33:48,0,4,32,28,22.78,135,324,333,P8,31.0,6.88,1.71,32.0,0.43,15.7,,0,0,,
1135.6,03:33:49,0,4,32,28,22.98,135,324,333,P8,33.0,6.91,1.71,33.0,0.43,15.3,,0,0,,
1136.6,03:33:50,0,4,32,28,22.98,135,324,333,P8,33.0,6.89,1.71,33.0,0.43,15.9,,0,0,,
1137.7,03:33:51,0,4,32,28,22.98,135,324,333,P8,31.0,6.87,1.73,31.0,0.43,16.2,,0,0,,
1138.7,03:33:52,0,4,32,28,22.98,135,324,333,P8,32.0,6.88,1.73,32.0,0.43,15.7,,0,0,,
1139.7,03:33:53,0,4,32,28,22.78,135,324,333,P8,33.0,6.88,1.73,33.0,0.43,16.2,,0,0,,
1140.8,03:33:54,0,4,32,28,22.88,135,324,333,P8,31.0,6.89,1.73,31.0,0.43,17.9,,0,0,,
1141.8,03:33:55,0,4,32,28,22.78,135,324,333,P8,30.0,6.88,1.73,30.0,0.43,15.5,,0,0,,
1142.8,03:33:56,0,4,32,28,22.88,135,324,333,P8,33.0,6.92,1.67,33.0,0.43,16.8,,0,0,,
1143.9,03:33:57,0,4,32,28,22.88,135,324,333,P8,39.0,3.91,1.67,40.0,0.43,25.5,,0,0,,
1144.9,03:33:58,0,4,32,28,22.96,135,324,333,P8,27.0,4.13,1.67,27.0,0.43,22.0,,0,0,,
1145.9,03:33:59,0,4,32,28,22.96,135,324,333,P8,27.0,4.11,1.67,24.0,0.43,11.3,,0,0,,
1147.0,03:34:00,0,4,32,28,22.87,135,324,333,P8,26.0,4.13,1.67,25.0,0.43,12.4,,0,0,,
1148.0,03:34:02,0,4,32,28,22.87,135,324,333,P8,26.0,3.95,1.78,26.0,0.43,6.3,,0,0,,
1149.0,03:34:03,0,4,32,28,22.87,135,324,333,P8,27.0,4.09,1.78,26.0,0.43,17.5,,0,0,,
1150.0,03:34:04,0,4,32,28,22.97,135,324,333,P8,27.0,4.09,1.78,27.0,0.43,13.0,,0,0,,
1151.1,03:34:05,0,4,32,28,22.87,135,324,333,P8,27.0,3.92,1.78,25.0,0.43,4.6,,0,0,,
1152.1,03:34:06,0,4,32,28,22.96,135,324,333,P8,26.0,4.04,1.8,26.0,0.43,19.4,,0,0,,
1153.1,03:34:07,0,4,32,28,22.97,135,324,333,P8,27.0,4.05,1.8,27.0,0.43,11.4,,0,0,,
1154.2,03:34:08,0,4,32,28,22.87,135,324,333,P8,26.0,4.08,1.8,25.0,0.43,11.8,,0,0,,
1155.2,03:34:09,0,4,32,28,22.87,135,324,333,P8,28.0,4.11,1.8,28.0,0.43,13.0,,0,0,,
1156.2,03:34:10,0,4,32,28,22.97,135,324,333,P8,26.0,4.07,1.8,25.0,0.43,9.2,,0,0,,
1157.4,03:34:11,0,4,32,28,22.97,135,324,333,P8,27.0,4.12,1.81,27.0,0.43,12.5,,0,0,,
1158.4,03:34:12,0,4,32,28,22.96,135,324,333,P8,26.0,4.09,1.81,26.0,0.43,11.0,,0,0,,
1159.4,03:34:13,0,4,32,28,22.95,135,324,333,P8,26.0,3.89,1.81,25.0,0.43,3.0,,0,0,,
1160.4,03:34:14,0,4,32,28,22.87,135,324,333,P8,28.0,4.09,1.81,28.0,0.43,22.6,,0,0,,
1161.5,03:34:15,0,4,31,28,22.77,135,324,333,P8,26.0,4.1,1.81,25.0,0.43,12.0,,0,0,,
1162.5,03:34:16,0,4,32,28,22.87,135,324,333,P8,27.0,4.11,1.83,27.0,0.43,12.4,,0,0,,
1163.5,03:34:17,0,4,32,28,22.97,135,324,333,P8,26.0,4.04,1.83,25.0,0.43,10.5,,0,0,,
1164.5,03:34:18,0,4,31,28,22.97,135,324,333,P8,26.0,4.1,1.83,25.0,0.43,12.0,,0,0,,
1165.6,03:34:19,0,4,32,28,22.77,135,324,333,P8,27.0,3.99,1.83,25.0,0.43,10.3,,0,0,,
1166.6,03:34:20,0,4,32,28,22.96,135,324,333,P8,27.0,4.03,1.83,26.0,0.43,13.2,,0,0,,
1167.6,03:34:21,0,4,31,28,22.97,135,324,333,P8,26.0,3.95,1.84,24.0,0.43,7.1,,0,0,,
1168.6,03:34:22,0,4,31,28,22.86,135,324,333,P8,34.0,3.89,1.84,34.0,0.43,10.0,,0,0,,
1169.7,03:34:23,0,4,32,28,22.83,135,324,333,P8,33.0,3.86,1.84,33.0,0.43,14.3,,0,0,,
1170.7,03:34:24,0,4,32,28,22.92,135,324,333,P8,34.0,3.89,1.84,35.0,0.43,13.9,,0,0,,
1171.7,03:34:25,0,4,32,28,22.83,135,324,333,P8,33.0,3.9,1.84,33.0,0.43,14.3,,0,0,,
1172.7,03:34:26,0,4,32,28,22.82,135,324,333,P8,34.0,3.89,1.78,34.0,0.43,14.4,,0,0,,
1173.7,03:34:27,0,5,32,28,22.83,135,324,333,P8,33.0,3.89,1.78,34.0,0.43,14.2,,0,0,,
1174.8,03:34:28,0,4,31,28,22.92,135,324,333,P8,34.0,3.9,1.78,34.0,0.43,14.8,,0,0,,
1175.8,03:34:29,0,4,31,28,22.92,135,324,333,P8,34.0,3.91,1.78,34.0,0.43,14.5,,0,0,,
1176.8,03:34:30,0,4,32,28,22.92,135,324,333,P8,34.0,3.89,1.78,34.0,0.43,14.0,,0,0,,
1177.8,03:34:31,0,4,31,28,22.92,135,324,333,P8,34.0,3.88,1.71,34.0,0.43,14.5,,0,0,,
1178.8,03:34:32,0,4,32,28,22.74,135,324,333,P8,34.0,3.88,1.71,34.0,0.43,14.2,,0,0,,
1179.9,03:34:33,0,4,31,28,22.73,135,324,333,P8,35.0,3.87,1.71,34.0,0.43,14.2,,0,0,,
1180.9,03:34:34,0,4,31,28,22.82,135,324,333,P8,33.0,3.89,1.71,33.0,0.43,14.7,,0,0,,
1181.9,03:34:35,0,4,31,28,22.73,135,324,333,P8,36.0,3.88,1.71,35.0,0.43,15.3,,0,0,,
1182.9,03:34:36,0,4,31,28,22.83,135,324,333,P8,34.0,3.89,1.66,34.0,0.43,14.2,,0,0,,
1184.0,03:34:37,0,4,31,28,22.96,135,324,333,P8,27.0,4.08,1.66,26.0,0.43,22.1,,0,0,,
1185.0,03:34:39,0,4,31,28,22.97,135,324,333,P8,27.0,4.07,1.66,28.0,0.43,15.2,,0,0,,
1186.0,03:34:40,0,4,31,28,22.87,135,324,333,P8,26.0,4.07,1.66,25.0,0.43,13.4,,0,0,,
1187.0,03:34:41,0,4,31,28,22.77,135,324,333,P8,30.0,4.12,1.66,30.0,0.43,9.8,,0,0,,
1188.1,03:34:42,0,4,31,28,22.87,135,324,333,P8,29.0,4.1,2.4,29.0,0.43,13.1,,0,0,,
1189.1,03:34:43,0,4,31,28,22.85,135,324,333,P8,25.0,4.09,2.4,24.0,0.43,7.7,,0,0,,
1190.1,03:34:44,0,4,31,28,22.97,135,324,333,P8,30.0,4.06,2.4,30.0,0.43,8.9,,0,0,,
1191.1,03:34:45,0,4,31,28,22.87,135,324,333,P8,27.0,3.97,2.4,27.0,0.43,6.1,,0,0,,
1192.2,03:34:46,0,4,31,28,22.95,135,324,333,P8,26.0,3.89,2.53,26.0,0.43,13.6,,0,0,,
1193.2,03:34:47,0,4,31,28,22.85,135,324,333,P8,26.0,3.88,2.53,24.0,0.43,13.4,,0,0,,
1194.2,03:34:48,0,4,31,28,22.85,135,324,333,P8,27.0,3.87,2.53,27.0,0.43,15.6,,0,0,,
1195.2,03:34:49,0,4,31,28,22.85,135,324,333,P8,26.0,3.92,2.53,26.0,0.43,20.0,,0,0,,
1196.3,03:34:50,0,4,31,28,22.95,135,324,333,P8,32.0,3.93,2.53,32.0,0.43,29.8,,0,0,,
1197.3,03:34:51,0,4,31,28,22.92,135,324,333,P8,34.0,3.92,3.13,34.0,0.43,32.3,,0,0,,
1198.3,03:34:52,0,4,31,28,22.93,135,324,333,P8,32.0,3.95,3.13,32.0,0.43,31.5,,0,0,,
1199.3,03:34:53,0,4,31,28,22.95,135,324,333,P8,30.0,3.97,3.13,30.0,0.43,30.2,,0,0,,
1200.4,03:34:54,0,4,31,28,22.85,135,324,333,P8,27.0,3.98,3.13,27.0,0.43,17.3,,0,0,,
1201.4,03:34:55,0,4,31,28,22.76,135,324,333,P8,28.0,4.0,3.13,28.0,0.43,17.2,,0,0,,
1202.4,03:34:56,0,4,31,28,22.84,135,324,333,P8,31.0,4.04,3.2,31.0,0.43,26.4,,0,0,,
1203.5,03:34:57,0,4,31,28,22.84,135,324,333,P8,33.0,4.06,3.2,33.0,0.43,20.7,,0,0,,
1204.5,03:34:58,0,4,31,28,22.87,135,324,333,P8,29.0,4.01,3.2,29.0,0.43,19.6,,0,0,,
1205.5,03:34:59,0,4,31,28,22.85,135,324,333,P8,26.0,4.02,3.2,26.0,0.43,20.7,,0,0,,
1206.5,03:35:00,0,4,31,28,22.74,135,324,333,P8,32.0,4.05,3.2,32.0,0.43,30.4,,0,0,,
1207.6,03:35:01,0,4,31,28,22.85,135,324,333,P8,26.0,4.04,3.02,25.0,0.43,12.5,,0,0,,
1208.6,03:35:02,0,4,31,28,22.70,135,324,333,P8,35.0,4.01,3.02,36.0,0.43,19.7,,0,0,,
1210.2,03:35:04,0,4,31,28,22.77,135,324,333,P8,26.0,4.21,3.02,25.0,0.43,20.2,,0,0,,
1211.2,03:35:05,0,4,31,28,22.87,135,324,333,P8,26.0,4.17,3.02,24.0,0.43,11.2,,0,0,,
1212.2,03:35:06,0,4,31,28,22.97,135,324,333,P8,27.0,4.16,3.5,27.0,0.43,11.1,,0,0,,
1213.3,03:35:07,0,4,31,28,22.98,135,324,333,P8,26.0,4.11,3.5,26.0,0.43,13.4,,0,0,,
1214.3,03:35:08,0,4,31,28,22.87,135,324,333,P8,26.0,4.15,3.5,25.0,0.43,9.0,,0,0,,
1215.3,03:35:09,0,4,31,28,22.87,135,324,333,P8,25.0,4.13,3.5,25.0,0.43,9.1,,0,0,,
1216.3,03:35:10,0,4,31,28,22.87,135,324,333,P8,26.0,4.12,3.5,24.0,0.43,12.1,,0,0,,
1217.4,03:35:11,0,4,31,28,22.87,135,324,333,P8,26.0,3.98,3.38,25.0,0.43,6.3,,0,0,,
1218.4,03:35:12,0,4,31,28,22.86,135,324,333,P8,28.0,3.92,3.38,28.0,0.43,6.7,,0,0,,
1219.4,03:35:13,0,4,31,28,22.96,135,324,333,P8,26.0,3.94,3.38,26.0,0.43,17.3,,0,0,,
1220.5,03:35:14,0,4,31,28,22.95,135,324,333,P8,28.0,3.93,3.38,28.0,0.43,16.7,,0,0,,
1221.5,03:35:15,0,4,31,28,22.93,135,324,333,P8,35.0,3.94,3.38,35.0,0.43,21.6,,0,0,,
1222.5,03:35:16,0,4,31,28,22.74,135,324,333,P8,27.0,3.9,3.91,27.0,0.43,25.5,,0,0,,
1223.5,03:35:17,0,4,31,28,22.74,135,324,333,P8,31.0,3.96,3.91,31.0,0.43,28.8,,0,0,,
1224.5,03:35:18,0,4,31,28,22.76,135,324,333,P8,26.0,3.95,3.91,25.0,0.43,18.1,,0,0,,
1225.6,03:35:19,0,4,31,28,22.86,135,324,333,P8,27.0,3.92,3.91,27.0,0.43,6.0,,0,0,,
1226.6,03:35:20,0,4,31,28,22.93,135,324,333,P8,32.0,3.94,3.91,32.0,0.43,22.4,,0,0,,
1227.6,03:35:21,0,4,31,28,22.85,135,324,333,P8,26.0,3.96,3.92,25.0,0.43,22.5,,0,0,,
1228.7,03:35:22,0,4,31,28,22.85,135,324,333,P8,28.0,3.98,3.92,28.0,0.43,19.5,,0,0,,
1229.7,03:35:23,0,4,31,28,22.74,135,324,333,P8,30.0,4.0,3.92,30.0,0.43,24.6,,0,0,,
1230.7,03:35:24,0,4,31,28,22.85,135,324,333,P8,29.0,3.96,3.92,29.0,0.43,21.2,,0,0,,
1231.7,03:35:25,0,4,31,28,22.85,135,324,333,P8,27.0,3.98,3.92,30.0,0.43,25.6,,0,0,,
1232.8,03:35:26,0,4,31,28,22.85,135,324,333,P8,30.0,4.02,3.85,30.0,0.43,21.6,,0,0,,
1233.8,03:35:27,0,4,31,28,22.96,135,324,333,P8,27.0,4.1,3.85,27.0,0.43,12.3,,0,0,,
1234.8,03:35:28,0,4,31,28,22.96,135,324,333,P8,36.0,4.0,3.85,35.0,0.43,14.4,,0,0,,
1236.4,03:35:30,0,4,31,28,22.87,135,324,333,P8,26.0,4.24,3.85,29.0,0.43,21.0,,0,0,,
1237.4,03:35:31,0,4,31,28,22.77,135,324,333,P8,26.0,4.26,3.7,26.0,0.43,12.8,,0,0,,
1238.5,03:35:32,0,4,31,28,22.77,135,324,333,P8,26.0,4.19,3.7,26.0,0.43,11.7,,0,0,,
1239.5,03:35:33,0,4,31,28,22.77,135,324,333,P8,24.0,4.17,3.7,24.0,0.43,15.4,,0,0,,
1240.5,03:35:34,0,4,31,28,22.96,135,324,333,P8,25.0,4.12,3.7,24.0,0.43,5.1,,0,0,,
1241.5,03:35:35,0,4,31,28,22.87,135,324,333,P8,25.0,4.14,3.7,24.0,0.43,9.2,,0,0,,
1242.6,03:35:36,0,4,31,28,22.85,135,324,333,P8,27.0,4.14,4.44,27.0,0.43,5.5,,0,0,,
1244.3,03:35:38,0,4,31,28,22.86,135,324,333,P8,25.0,4.13,4.44,26.0,0.43,6.0,,0,0,,
1246.1,03:35:40,0,4,31,28,22.84,135,324,333,P8,31.0,3.94,4.44,32.0,0.43,5.8,,0,0,,
1247.1,03:35:41,0,4,31,28,22.83,135,324,333,P8,33.0,3.97,4.25,34.0,0.43,22.1,,0,0,,
1248.2,03:35:42,0,4,31,28,22.87,135,324,333,P8,25.0,4.0,4.25,23.0,0.43,7.4,,0,0,,
1249.2,03:35:43,0,4,31,28,22.77,135,324,333,P8,25.0,4.05,4.25,25.0,0.43,6.2,,0,0,,
1250.2,03:35:44,0,4,31,28,22.74,135,324,333,P8,33.0,3.99,4.25,33.0,0.43,8.7,,0,0,,
1251.2,03:35:45,0,4,31,28,22.88,135,324,333,P8,25.0,4.04,4.25,24.0,0.43,12.0,,0,0,,
1252.2,03:35:46,0,4,31,28,22.97,135,324,333,P8,26.0,4.02,4.07,26.0,0.43,8.2,,0,0,,
1253.3,03:35:47,0,5,31,28,22.97,135,324,333,P8,26.0,3.98,4.07,24.0,0.43,8.9,,0,0,,
1254.3,03:35:48,0,4,31,28,22.95,135,324,333,P8,24.0,4.03,4.07,24.0,0.43,7.4,,0,0,,
1255.3,03:35:49,0,4,31,28,22.77,135,324,333,P8,25.0,3.97,4.07,25.0,0.43,5.5,,0,0,,
1256.4,03:35:50,0,4,31,28,22.77,135,324,333,P8,27.0,4.05,4.07,27.0,0.43,8.3,,0,0,,
1257.4,03:35:51,0,4,31,28,22.87,135,324,333,P8,30.0,4.04,3.9,30.0,0.43,7.7,,0,0,,
1258.4,03:35:52,0,4,31,28,22.77,135,324,333,P8,26.0,4.04,3.9,25.0,0.43,8.5,,0,0,,
1259.4,03:35:53,0,4,31,28,22.77,135,324,333,P8,26.0,3.96,3.9,24.0,0.43,6.2,,0,0,,
1260.5,03:35:54,0,4,31,28,22.87,135,324,333,P8,28.0,4.05,3.9,28.0,0.43,8.8,,0,0,,
1261.5,03:35:55,0,4,31,28,22.77,135,324,333,P8,25.0,4.04,3.9,25.0,0.43,2.3,,0,0,,
1262.5,03:35:56,0,4,31,28,22.97,135,324,333,P8,25.0,3.97,3.83,25.0,0.43,6.6,,0,0,,
1263.6,03:35:57,0,4,31,28,22.87,135,324,333,P8,25.0,4.03,3.83,25.0,0.43,9.3,,0,0,,
1264.6,03:35:58,0,4,31,28,22.96,135,324,333,P8,25.0,3.99,3.83,23.0,0.43,6.9,,0,0,,
1265.6,03:35:59,0,4,31,28,22.85,135,324,333,P8,26.0,4.03,3.83,24.0,0.43,4.9,,0,0,,
1266.6,03:36:00,0,4,31,28,22.85,135,324,333,P8,25.0,4.01,3.83,23.0,0.43,3.8,,0,0,,
1267.7,03:36:01,0,4,31,28,22.76,135,324,333,P8,25.0,4.02,3.84,22.0,0.43,3.5,,0,0,,
1268.7,03:36:02,0,4,31,28,22.86,135,324,333,P8,26.0,4.03,3.84,26.0,0.43,3.8,,0,0,,
1269.7,03:36:03,0,4,31,28,22.86,135,324,333,P8,26.0,4.03,3.84,26.0,0.43,3.0,,0,0,,
1270.7,03:36:04,0,4,31,28,22.85,135,324,333,P8,25.0,4.01,3.84,25.0,0.43,2.4,,0,0,,
1271.7,03:36:05,0,4,30,28,22.86,135,324,333,P8,25.0,3.99,3.84,23.0,0.43,3.0,,0,0,,
1272.8,03:36:06,0,4,31,28,22.76,135,324,333,P8,25.0,3.98,3.86,26.0,0.43,2.7,,0,0,,
1273.8,03:36:07,0,4,31,28,22.77,135,324,333,P8,25.0,3.97,3.86,24.0,0.43,2.2,,0,0,,
1274.8,03:36:08,0,4,31,28,22.87,135,324,333,P8,26.0,4.01,3.86,24.0,0.43,6.2,,0,0,,
1275.9,03:36:09,0,4,31,28,22.96,135,324,333,P8,27.0,4.02,3.86,27.0,0.43,9.1,,0,0,,
1276.9,03:36:10,0,4,30,28,22.98,135,324,333,P8,25.0,3.99,3.86,25.0,0.43,7.8,,0,0,,
1277.9,03:36:11,0,4,31,28,22.87,135,324,333,P8,25.0,3.97,3.63,24.0,0.43,9.4,,0,0,,
1278.9,03:36:12,0,4,31,28,22.77,135,324,333,P8,25.0,4.0,3.63,25.0,0.43,8.3,,0,0,,
1280.0,03:36:13,0,4,31,28,22.77,135,324,333,P8,24.0,4.01,3.63,23.0,0.43,7.2,,0,0,,
1281.0,03:36:15,0,4,31,28,22.87,135,324,333,P8,25.0,3.99,3.63,25.0,0.43,6.1,,0,0,,
1282.0,03:36:16,0,4,31,28,22.87,135,324,333,P8,25.0,3.98,3.63,25.0,0.43,7.2,,0,0,,
1283.0,03:36:17,0,4,31,28,22.87,135,324,333,P8,25.0,4.02,3.5,25.0,0.43,7.7,,0,0,,
1284.1,03:36:18,0,4,31,28,22.96,135,324,333,P8,26.0,3.98,3.5,23.0,0.43,6.0,,0,0,,
1285.1,03:36:19,0,4,30,28,22.96,135,324,333,P8,24.0,4.0,3.5,23.0,0.43,6.4,,0,0,,
1286.1,03:36:20,0,4,30,28,22.87,135,324,333,P8,25.0,4.01,3.5,23.0,0.43,6.7,,0,0,,
1287.1,03:36:21,0,4,31,28,22.77,135,324,333,P8,28.0,4.03,3.38,28.0,0.43,7.1,,0,0,,
1288.2,03:36:22,0,4,30,28,22.97,135,324,333,P8,25.0,4.0,3.38,23.0,0.43,8.8,,0,0,,
1289.2,03:36:23,0,4,30,28,22.87,135,324,333,P8,32.0,4.05,3.38,32.0,0.43,7.5,,0,0,,
1290.2,03:36:24,0,4,31,28,22.87,135,324,333,P8,26.0,4.04,3.38,25.0,0.43,9.9,,0,0,,
1291.2,03:36:25,0,4,31,28,22.96,135,324,333,P8,26.0,4.02,3.38,25.0,0.43,10.1,,0,0,,
1292.3,03:36:26,0,4,30,28,22.87,135,324,333,P8,26.0,4.06,3.27,23.0,0.43,8.7,,0,0,,
1293.3,03:36:27,0,4,31,28,22.87,135,324,333,P8,26.0,4.07,3.27,24.0,0.43,8.2,,0,0,,
1294.3,03:36:28,0,4,30,28,22.87,135,324,333,P8,27.0,4.03,3.27,23.0,0.43,7.8,,0,0,,
1295.3,03:36:29,0,4,31,28,22.96,135,324,333,P8,26.0,4.05,3.27,25.0,0.43,8.8,,0,0,,
1296.4,03:36:30,0,4,31,28,22.96,135,324,333,P8,26.0,4.03,3.27,24.0,0.43,7.9,,0,0,,
1297.4,03:36:31,0,4,31,28,22.87,135,324,333,P8,26.0,4.04,3.24,25.0,0.43,7.6,,0,0,,
1298.4,03:36:32,0,4,30,28,22.77,135,324,333,P8,26.0,4.05,3.24,24.0,0.43,7.6,,0,0,,
1299.4,03:36:33,0,4,30,28,22.87,135,324,333,P8,25.0,4.04,3.24,24.0,0.43,5.8,,0,0,,
1300.5,03:36:34,0,4,30,28,22.78,135,324,333,P8,27.0,4.08,3.24,27.0,0.43,9.4,,0,0,,
1301.5,03:36:35,0,4,31,28,22.87,135,324,333,P8,26.0,4.07,3.24,26.0,0.43,8.1,,0,0,,
1302.5,03:36:36,0,4,31,28,22.97,135,324,333,P8,25.0,4.08,3.14,25.0,0.43,7.2,,0,0,,
1303.6,03:36:37,0,4,30,28,22.87,135,324,333,P8,26.0,4.02,3.14,24.0,0.43,6.3,,0,0,,
1304.6,03:36:38,0,4,30,28,22.87,135,324,333,P8,26.0,4.03,3.14,23.0,0.43,6.8,,0,0,,
1305.6,03:36:39,0,4,30,28,22.87,135,324,333,P8,25.0,4.02,3.14,24.0,0.43,9.3,,0,0,,
1306.6,03:36:40,0,4,30,28,22.87,135,324,333,P8,26.0,4.03,3.14,23.0,0.43,7.1,,0,0,,
1307.7,03:36:41,0,4,30,28,22.77,135,324,333,P8,26.0,4.03,3.05,25.0,0.43,7.0,,0,0,,
1308.7,03:36:42,0,4,30,28,22.77,135,324,333,P8,26.0,4.04,3.05,24.0,0.43,7.8,,0,0,,
1309.7,03:36:43,0,4,30,28,22.88,135,324,333,P8,26.0,3.99,3.05,24.0,0.44,9.7,,0,0,,
1310.7,03:36:44,0,4,30,28,22.88,135,324,333,P8,30.0,4.03,3.05,31.0,0.44,9.3,,0,0,,
1311.8,03:36:45,0,4,30,28,22.97,135,324,333,P8,25.0,3.99,3.05,25.0,0.45,7.9,,0,0,,
1312.8,03:36:46,0,4,30,28,22.87,135,324,333,P8,28.0,4.02,3.13,28.0,0.45,6.9,,0,0,,
1313.8,03:36:47,0,4,30,28,22.87,135,324,333,P8,25.0,3.98,3.13,24.0,0.45,6.7,,0,0,,
1314.8,03:36:48,0,4,30,28,22.77,135,324,333,P8,27.0,4.01,3.13,26.0,0.45,7.9,,0,0,,
1315.9,03:36:49,0,4,30,28,22.77,135,324,333,P8,26.0,3.97,3.13,23.0,0.45,5.1,,0,0,,
1316.9,03:36:50,0,4,30,28,22.77,135,324,333,P8,27.0,3.94,3.13,27.0,0.45,6.7,,0,0,,
1317.9,03:36:51,0,4,30,28,22.95,135,324,333,P8,25.0,3.9,3.04,24.0,0.45,6.1,,0,0,,
1318.9,03:36:52,0,4,30,28,22.85,135,324,333,P8,25.0,3.88,3.04,25.0,0.45,3.3,,0,0,,
1320.0,03:36:53,0,4,30,28,22.85,135,324,333,P8,25.0,3.92,3.04,25.0,0.45,6.5,,0,0,,
1321.0,03:36:55,0,4,30,28,22.85,135,324,333,P8,26.0,3.9,3.04,24.0,0.45,6.8,,0,0,,
1322.0,03:36:56,0,4,30,28,22.85,135,324,333,P8,25.0,3.92,3.04,24.0,0.45,6.9,,0,0,,
1323.0,03:36:57,0,4,30,28,22.85,135,324,333,P8,25.0,3.88,2.95,24.0,0.45,4.6,,0,0,,
1324.1,03:36:58,0,4,30,28,22.85,135,324,333,P8,24.0,3.94,2.95,23.0,0.45,3.7,,0,0,,
1325.1,03:36:59,0,4,30,28,23.05,135,324,333,P8,24.0,3.93,2.95,23.0,0.45,3.5,,0,0,,
1326.1,03:37:00,0,4,30,28,22.95,135,324,333,P8,26.0,3.9,2.95,24.0,0.45,2.9,,0,0,,
1327.1,03:37:01,0,4,30,28,23.05,135,324,333,P8,25.0,3.93,2.72,24.0,0.45,3.8,,0,0,,
1328.2,03:37:02,29,20,35,28,123.63,1050,3505,447,P0,26.0,4.0,2.72,25.0,0.45,13.3,,0,0,,
1329.2,03:37:03,100,71,38,27,153.90,961,3505,430,P0,24.0,3.98,2.72,24.0,0.45,4.0,,0,0,,
1330.2,03:37:04,100,72,39,27,152.89,949,3505,430,P0,25.0,3.99,2.72,23.0,0.45,4.1,,0,0,,
1331.2,03:37:05,100,70,40,27,153.24,949,3505,430,P0,26.0,3.97,2.72,25.0,0.45,4.0,,0,0,,
1332.3,03:37:06,100,70,41,27,152.95,949,3505,430,P0,25.0,3.97,2.5,25.0,0.45,4.0,,0,0,,
1333.3,03:37:07,100,70,41,27,152.85,949,3505,430,P0,26.0,3.99,2.5,23.0,0.45,4.5,,0,0,,
1334.3,03:37:08,100,71,42,28,153.24,949,3505,430,P0,24.0,4.0,2.5,23.0,0.45,4.5,,0,0,,
1335.3,03:37:09,100,71,42,28,153.57,949,3505,430,P0,26.0,3.99,2.5,23.0,0.45,3.6,,0,0,,
1336.4,03:37:10,100,71,43,28,152.03,936,3505,430,P0,25.0,3.98,2.5,23.0,0.45,4.5,,0,0,,
1337.4,03:37:11,100,70,43,28,153.47,949,3505,430,P0,25.0,4.0,2.3,23.0,0.45,4.0,,0,0,,
1338.4,03:37:12,100,69,43,28,152.89,949,3505,430,P0,24.0,3.99,2.3,22.0,0.45,4.6,,0,0,,
1339.5,03:37:13,100,69,44,28,153.28,949,3505,430,P0,25.0,3.98,2.3,23.0,0.45,4.0,,0,0,,
1340.5,03:37:14,100,70,44,29,152.13,936,3505,430,P0,26.0,4.0,2.3,23.0,0.45,4.1,,0,0,,
1341.5,03:37:15,100,70,45,30,152.41,936,3505,430,P0,25.0,4.01,2.3,24.0,0.45,4.1,,0,0,,
1342.5,03:37:16,100,69,45,31,152.03,936,3505,430,P0,25.0,4.0,2.12,23.0,0.45,4.8,,0,0,,
1343.6,03:37:17,100,70,45,31,153.24,949,3505,430,P0,25.0,4.01,2.12,23.0,0.45,4.7,,0,0,,
1344.6,03:37:18,100,69,46,32,151.92,936,3505,430,P0,24.0,3.99,2.12,22.0,0.45,4.0,,0,0,,
1345.6,03:37:19,100,71,46,32,153.90,949,3505,430,P0,25.0,3.99,2.12,23.0,0.45,3.9,,0,0,,
1346.6,03:37:20,100,71,46,32,152.51,936,3505,430,P0,26.0,3.99,2.12,23.0,0.45,4.3,,0,0,,
1347.7,03:37:21,100,72,46,32,153.02,949,3505,430,P0,25.0,3.99,1.95,23.0,0.45,3.8,,0,0,,
1348.7,03:37:22,100,70,47,32,152.26,949,3505,430,P0,26.0,4.0,1.95,23.0,0.45,4.8,,0,0,,
1349.7,03:37:23,100,71,47,33,153.45,961,3505,430,P0,26.0,4.02,1.95,23.0,0.45,3.8,,0,0,,
1350.7,03:37:24,100,72,48,34,153.07,949,3505,430,P0,25.0,3.97,1.95,23.0,0.45,3.3,,0,0,,
1351.8,03:37:25,100,70,48,34,152.83,949,3505,430,P0,25.0,3.98,1.95,24.0,0.45,4.1,,0,0,,
1352.8,03:37:26,100,71,48,35,152.98,949,3505,430,P0,25.0,3.98,1.79,24.0,0.45,3.9,,0,0,,
1353.8,03:37:27,100,71,49,35,153.07,949,3505,430,P0,24.0,3.93,1.79,23.0,0.45,3.3,,0,0,,
1354.8,03:37:28,100,71,49,35,152.54,949,3505,430,P0,24.0,3.95,1.79,23.0,0.45,4.3,,0,0,,
1355.9,03:37:29,100,71,49,35,152.67,949,3505,430,P0,25.0,3.97,1.79,23.0,0.45,3.8,,0,0,,
1356.9,03:37:30,100,71,50,35,152.98,949,3505,430,P0,24.0,3.94,1.79,23.0,0.45,3.5,,0,0,,
1357.9,03:37:31,100,71,50,36,153.29,949,3505,430,P0,24.0,3.95,1.65,23.0,0.45,3.9,,0,0,,
1358.9,03:37:32,100,70,50,36,153.14,949,3505,430,P0,24.0,3.97,1.65,24.0,0.45,4.7,,0,0,,
1360.0,03:37:33,100,70,51,36,152.75,949,3505,430,P0,26.0,3.99,1.65,25.0,0.45,2.8,,0,0,,
1361.0,03:37:35,100,69,51,37,152.37,949,3505,430,P0,26.0,3.97,1.65,26.0,0.45,3.4,,0,0,,
1362.0,03:37:36,100,71,52,37,153.01,949,3505,430,P0,26.0,3.97,1.65,23.0,0.45,3.8,,0,0,,
1363.0,03:37:37,100,71,52,38,152.70,949,3505,430,P0,26.0,3.93,1.51,26.0,0.45,3.6,,0,0,,
1364.1,03:37:38,100,71,52,38,153.43,949,3505,430,P0,24.0,3.97,1.51,26.0,0.45,4.9,,0,0,,
1365.1,03:37:39,100,70,52,38,153.07,949,3505,430,P0,25.0,3.98,1.51,24.0,0.45,4.6,,0,0,,
1366.1,03:37:40,100,70,52,38,152.76,949,3505,430,P0,25.0,3.98,1.51,23.0,0.45,4.2,,0,0,,
1367.2,03:37:41,100,70,53,39,153.07,949,3505,430,P0,25.0,3.98,1.39,23.0,0.45,4.0,,0,0,,
1368.2,03:37:42,100,70,53,39,153.17,949,3505,430,P0,24.0,3.97,1.39,22.0,0.45,3.8,,0,0,,
1369.2,03:37:43,100,70,53,39,152.82,949,3505,430,P0,25.0,3.95,1.39,22.0,0.45,4.1,,0,0,,
1370.2,03:37:44,100,69,53,39,152.54,936,3505,430,P0,25.0,3.96,1.39,25.0,0.45,3.9,,0,0,,
1371.3,03:37:45,100,70,54,40,153.48,949,3505,430,P0,25.0,3.98,1.39,23.0,0.45,4.2,,0,0,,
1372.3,03:37:46,100,69,54,40,152.82,949,3505,430,P0,26.0,3.95,1.36,26.0,0.45,3.8,,0,0,,
1373.3,03:37:47,100,70,54,41,153.01,936,3505,430,P0,26.0,3.96,1.36,24.0,0.45,4.8,,0,0,,
1374.3,03:37:48,100,69,54,41,152.26,936,3505,430,P0,26.0,3.98,1.36,23.0,0.45,5.1,,0,0,,
1375.4,03:37:49,100,70,55,41,152.44,936,3505,430,P0,26.0,3.99,1.36,26.0,0.45,4.1,,0,0,,
1376.4,03:37:50,100,69,55,42,152.22,936,3505,430,P0,25.0,3.98,1.36,24.0,0.45,3.5,,0,0,,
1377.4,03:37:51,100,70,55,42,152.73,949,3505,430,P0,24.0,3.97,1.33,23.0,0.45,3.8,,0,0,,
1378.4,03:37:52,100,70,56,42,152.94,936,3505,430,P0,26.0,3.96,1.33,24.0,0.45,3.1,,0,0,,
1379.5,03:37:53,100,70,56,42,153.86,949,3505,430,P0,25.0,3.97,1.33,23.0,0.45,3.9,,0,0,,
1380.5,03:37:54,100,69,56,42,152.17,936,3505,430,P0,24.0,3.95,1.33,23.0,0.45,3.8,,0,0,,
1381.5,03:37:55,100,70,56,42,152.82,936,3505,430,P0,26.0,3.95,1.33,22.0,0.45,3.4,,0,0,,
1382.5,03:37:56,100,69,56,42,152.48,936,3505,430,P0,25.0,4.01,1.22,25.0,0.45,4.9,,0,0,,
1383.6,03:37:57,100,71,57,42,153.67,961,3505,430,P0,24.0,3.98,1.22,24.0,0.45,3.5,,0,0,,
1384.6,03:37:58,100,71,57,42,153.62,961,3505,430,P0,24.0,4.01,1.22,24.0,0.45,8.3,,0,0,,
1385.6,03:37:59,100,71,57,43,153.81,961,3505,430,P0,24.0,3.98,1.22,23.0,0.45,6.2,,0,0,,
1386.6,03:38:00,100,71,57,44,152.86,948,3505,430,P0,24.0,3.98,1.22,22.0,0.45,4.5,,0,0,,
1387.7,03:38:01,100,71,57,45,152.92,948,3505,430,P0,25.0,3.96,1.13,23.0,0.45,3.1,,0,0,,
1388.7,03:38:02,100,70,57,45,152.92,948,3505,430,P0,25.0,3.96,1.13,25.0,0.45,4.0,,0,0,,
1389.7,03:38:03,100,70,58,46,153.77,961,3505,430,P0,25.0,4.0,1.13,25.0,0.45,3.4,,0,0,,
1390.7,03:38:04,100,71,58,46,153.10,948,3505,430,P0,25.0,3.98,1.13,23.0,0.45,2.9,,0,0,,
1391.8,03:38:05,100,71,58,46,152.95,948,3505,430,P0,26.0,3.98,1.13,24.0,0.45,4.0,,0,0,,
1392.8,03:38:06,100,70,58,46,153.01,948,3505,430,P0,25.0,3.99,1.04,22.0,0.45,4.3,,0,0,,
1393.8,03:38:07,0,0,52,47,48.41,949,3505,335,P0,26.0,3.99,1.04,25.0,0.45,4.4,,0,0,,
1394.8,03:38:08,0,0,51,47,47.93,949,3505,333,P0,30.0,4.1,1.04,30.0,0.45,20.5,,0,0,,
1395.9,03:38:09,17,7,54,46,104.38,1050,3004,1206,P2,33.0,4.28,1.04,33.0,0.45,14.1,,0,0,,
1396.9,03:38:10,100,49,58,44,152.40,1189,3004,1206,P2,34.0,4.26,1.04,34.0,0.45,13.9,,0,0,,
1397.9,03:38:11,100,50,59,43,153.06,1189,3004,1209,P2,35.0,4.28,1.11,35.0,0.45,15.2,,0,0,,
1398.9,03:38:12,100,58,59,43,152.90,1189,3004,1209,P2,34.0,4.28,1.11,34.0,0.45,16.1,,0,0,,
1400.0,03:38:13,100,49,59,44,152.87,1189,3004,1209,P2,34.0,4.31,1.11,35.0,0.45,13.9,,0,0,,
1401.0,03:38:14,100,49,59,45,152.65,1189,3004,1209,P2,34.0,4.34,1.11,34.0,0.45,14.3,,0,0,,
1402.0,03:38:16,100,58,60,46,153.22,1189,3004,1209,P2,34.0,4.31,1.11,35.0,0.45,14.2,,0,0,,
1403.0,03:38:17,100,49,60,47,152.94,1189,3004,1209,P2,34.0,4.31,1.1,33.0,0.45,14.2,,0,0,,
1404.0,03:38:18,100,49,60,48,153.03,1189,3004,1209,P2,34.0,4.32,1.1,34.0,0.45,14.4,,0,0,,
1405.1,03:38:19,100,59,60,49,153.13,1189,3004,1209,P2,34.0,4.28,1.1,34.0,0.45,14.5,,0,0,,
1406.1,03:38:20,100,49,60,49,153.06,1189,3004,1209,P2,35.0,4.32,1.1,34.0,0.45,14.0,,0,0,,
1407.1,03:38:21,100,48,61,49,153.06,1189,3004,1209,P2,33.0,4.29,1.1,34.0,0.45,14.2,,0,0,,
1408.1,03:38:22,100,58,60,49,152.97,1189,3004,1209,P2,34.0,4.28,1.1,34.0,0.45,15.2,,0,0,,
1409.1,03:38:23,100,49,61,49,152.94,1189,3004,1209,P2,35.0,4.32,1.1,35.0,0.45,14.1,,0,0,,
1410.2,03:38:24,100,49,61,50,153.03,1189,3004,1209,P2,34.0,4.3,1.1,34.0,0.45,14.4,,0,0,,
1411.2,03:38:25,100,58,61,50,152.84,1189,3004,1209,P2,34.0,4.31,1.1,34.0,0.45,14.5,,0,0,,
1412.2,03:38:26,100,48,61,50,153.22,1189,3004,1209,P2,35.0,4.3,1.09,35.0,0.45,14.0,,0,0,,
1413.2,03:38:27,100,49,61,50,153.37,1189,3004,1209,P2,34.0,4.29,1.09,34.0,0.45,14.5,,0,0,,
1414.2,03:38:28,100,52,61,50,152.37,1189,3004,1209,P2,34.0,4.31,1.09,34.0,0.45,15.1,,0,0,,
1415.3,03:38:29,100,48,61,51,152.18,1189,3004,1209,P2,34.0,4.29,1.09,34.0,0.45,14.1,,0,0,,
1416.3,03:38:30,100,57,61,51,149.80,1177,3004,1209,P2,34.0,4.27,1.09,34.0,0.45,14.3,,0,0,,
1417.3,03:38:31,100,58,62,52,152.97,1177,3004,1209,P2,35.0,4.3,1.16,35.0,0.45,14.1,,0,0,,
1418.3,03:38:32,100,49,61,52,150.23,1177,3004,1209,P2,34.0,4.3,1.16,34.0,0.45,14.1,,0,0,,
1419.3,03:38:33,100,48,61,52,150.04,1177,3004,1209,P2,34.0,4.29,1.16,35.0,0.45,14.3,,0,0,,
1420.4,03:38:34,100,58,61,52,150.23,1177,3004,1209,P2,35.0,4.29,1.16,35.0,0.45,14.6,,0,0,,
1421.4,03:38:35,100,49,62,53,149.85,1177,3004,1209,P2,34.0,4.29,1.16,34.0,0.45,13.7,,0,0,,
1422.4,03:38:36,100,50,62,53,150.10,1177,3004,1209,P2,34.0,4.27,1.23,34.0,0.45,14.5,,0,0,,
1423.4,03:38:37,100,48,62,53,152.65,1189,3004,1209,P2,35.0,4.31,1.23,34.0,0.45,14.0,,0,0,,
1424.5,03:38:38,100,49,62,53,149.51,1177,3004,1209,P2,34.0,4.31,1.23,34.0,0.45,14.4,,0,0,,
1425.5,03:38:39,100,57,62,53,149.32,1189,3004,1209,P2,35.0,4.29,1.23,35.0,0.45,14.0,,0,0,,
1426.5,03:38:40,100,59,62,53,153.35,1189,3004,1209,P2,34.0,4.29,1.23,34.0,0.45,14.4,,0,0,,
1427.5,03:38:41,100,48,62,53,149.80,1177,3004,1209,P2,34.0,4.3,1.29,35.0,0.45,13.8,,0,0,,
1428.5,03:38:42,100,48,62,53,153.54,1189,3004,1207,P2,35.0,4.28,1.29,35.0,0.45,14.2,,0,0,,
1429.6,03:38:43,100,49,62,53,150.16,1177,3004,1207,P2,35.0,4.31,1.29,35.0,0.45,14.4,,0,0,,
1430.6,03:38:44,100,49,62,53,153.03,1189,3004,1207,P2,35.0,4.29,1.29,35.0,0.45,14.0,,0,0,,
1431.6,03:38:45,100,57,62,53,152.25,1189,3004,1207,P2,34.0,4.27,1.29,34.0,0.45,14.2,,0,0,,
1432.6,03:38:46,100,49,62,53,149.28,1177,3004,1207,P2,35.0,4.32,1.27,35.0,0.45,14.8,,0,0,,
1433.6,03:38:47,100,48,63,53,152.83,1189,3004,1207,P2,35.0,4.32,1.27,35.0,0.45,13.8,,0,0,,
1434.7,03:38:48,100,58,63,53,149.72,1177,3004,1207,P2,34.0,4.28,1.27,34.0,0.45,14.8,,0,0,,
1435.7,03:38:49,100,48,63,53,150.45,1177,3004,1207,P2,36.0,4.27,1.27,36.0,0.45,13.9,,0,0,,
1436.7,03:38:50,100,48,63,53,150.10,1177,3004,1207,P2,35.0,4.31,1.27,35.0,0.45,14.1,,0,0,,
1437.7,03:38:51,100,58,63,53,150.00,1177,3004,1207,P2,35.0,4.33,1.25,35.0,0.45,14.3,,0,0,,
1438.7,03:38:52,100,49,63,53,149.76,1177,3004,1207,P2,36.0,4.29,1.25,36.0,0.45,14.3,,0,0,,
1439.8,03:38:53,100,49,63,53,150.17,1177,3004,1207,P2,35.0,4.29,1.25,35.0,0.45,14.8,,0,0,,
1440.8,03:38:54,100,58,63,54,149.85,1177,3004,1207,P2,34.0,4.31,1.25,35.0,0.45,14.4,,0,0,,
1441.8,03:38:55,100,48,63,54,150.08,1177,3004,1207,P2,35.0,4.31,1.25,35.0,0.45,14.0,,0,0,,
1442.8,03:38:56,100,51,63,55,150.14,1177,3004,1207,P2,35.0,4.29,1.23,35.0,0.45,14.1,,0,0,,
1443.8,03:38:57,100,49,63,55,150.19,1177,3004,1207,P2,35.0,4.3,1.23,35.0,0.45,13.9,,0,0,,
1444.9,03:38:58,100,48,63,55,149.88,1189,3004,1207,P2,35.0,4.29,1.23,35.0,0.45,14.4,,0,0,,
1445.9,03:38:59,100,48,63,55,150.07,1177,3004,1207,P2,35.0,4.3,1.23,35.0,0.45,13.9,,0,0,,
1446.9,03:39:00,100,56,63,56,150.34,1177,3004,1207,P2,34.0,4.29,1.23,34.0,0.45,14.5,,0,0,,
1447.9,03:39:01,100,49,63,56,150.36,1177,3004,1207,P2,34.0,4.31,1.21,34.0,0.45,14.3,,0,0,,
1449.0,03:39:02,100,55,63,56,149.88,1177,3004,1207,P2,33.0,4.31,1.21,34.0,0.45,14.3,,0,0,,
1450.0,03:39:04,100,48,63,56,150.57,1177,3004,1207,P2,35.0,4.27,1.21,35.0,0.45,15.0,,0,0,,
1451.0,03:39:05,100,49,63,56,150.04,1177,3004,1207,P2,34.0,4.29,1.21,34.0,0.45,17.0,,0,0,,
1452.0,03:39:06,100,58,64,56,153.50,1189,3004,1207,P2,35.0,4.3,1.21,35.0,0.45,14.5,,0,0,,
1453.0,03:39:07,100,51,63,56,149.46,1177,3004,1207,P2,35.0,4.3,1.27,35.0,0.45,14.2,,0,0,,
1454.1,03:39:08,100,49,63,56,150.26,1177,3004,1207,P2,34.0,4.32,1.27,34.0,0.45,14.3,,0,0,,
1455.1,03:39:09,100,57,63,56,149.98,1177,3004,1207,P2,35.0,4.27,1.27,35.0,0.45,14.7,,0,0,,
1456.1,03:39:10,100,49,63,56,150.45,1177,3004,1207,P2,34.0,4.3,1.27,34.0,0.45,13.8,,0,0,,
1457.1,03:39:11,100,48,63,56,149.62,1177,3004,1207,P2,35.0,4.32,1.25,35.0,0.45,14.3,,0,0,,
1458.1,03:39:12,100,58,63,56,150.55,1177,3004,1207,P2,35.0,4.31,1.25,34.0,0.45,14.0,,0,0,,
1459.2,03:39:13,100,49,64,56,150.26,1177,3004,1207,P2,34.0,4.3,1.25,34.0,0.45,14.3,,0,0,,
1460.2,03:39:14,100,48,64,56,150.64,1177,3004,1207,P2,34.0,4.3,1.25,34.0,0.45,14.0,,0,0,,
1461.2,03:39:15,100,49,64,56,150.83,1177,3004,1207,P2,35.0,4.33,1.25,34.0,0.45,14.3,,0,0,,
1462.2,03:39:16,100,49,63,56,150.19,1177,3004,1207,P2,35.0,4.33,1.23,34.0,0.45,14.0,,0,0,,
1463.2,03:39:17,100,48,63,56,150.00,1177,3004,1207,P2,35.0,4.32,1.23,35.0,0.45,14.5,,0,0,,
1464.3,03:39:18,100,58,63,56,150.53,1177,3004,1207,P2,35.0,4.29,1.23,35.0,0.45,14.3,,0,0,,
1465.3,03:39:19,100,49,64,56,150.48,1177,3004,1207,P2,34.0,4.29,1.23,34.0,0.45,14.2,,0,0,,
1466.3,03:39:20,100,48,64,56,150.36,1177,3004,1207,P2,35.0,4.3,1.23,35.0,0.45,14.5,,0,0,,
1467.3,03:39:21,100,49,64,56,150.64,1177,3004,1207,P2,36.0,4.29,1.21,35.0,0.45,14.5,,0,0,,
1468.4,03:39:22,100,48,64,56,150.36,1177,3004,1207,P2,35.0,4.29,1.21,35.0,0.45,14.4,,0,0,,
1469.4,03:39:23,100,57,64,56,150.45,1177,3004,1207,P2,35.0,4.32,1.21,34.0,0.45,14.4,,0,0,,
1470.4,03:39:24,100,48,64,56,150.63,1177,3004,1207,P2,35.0,4.33,1.21,35.0,0.45,14.6,,0,0,,
1471.4,03:39:25,100,49,64,56,150.64,1177,3004,1207,P2,35.0,4.33,1.21,35.0,0.45,13.9,,0,0,,
1472.4,03:39:26,100,49,64,56,150.36,1177,3004,1207,P2,35.0,4.31,1.19,35.0,0.45,14.8,,0,0,,
1473.5,03:39:27,100,49,64,56,149.98,1177,3004,1207,P2,35.0,4.31,1.19,35.0,0.45,14.6,,0,0,,
1474.5,03:39:28,100,49,64,56,150.36,1177,3004,1207,P2,36.0,4.33,1.19,36.0,0.45,13.9,,0,0,,
1475.5,03:39:29,100,58,64,56,150.64,1177,3004,1207,P2,36.0,4.29,1.19,36.0,0.45,14.2,,0,0,,
1476.5,03:39:30,100,48,64,56,149.98,1177,3004,1207,P2,34.0,4.32,1.19,34.0,0.45,14.3,,0,0,,
1477.5,03:39:31,100,48,64,56,150.42,1177,3004,1207,P2,35.0,4.31,1.18,35.0,0.45,14.1,,0,0,,
1478.6,03:39:32,100,54,64,56,150.74,1177,3004,1207,P2,35.0,4.31,1.18,35.0,0.45,13.9,,0,0,,
1479.6,03:39:33,100,48,64,56,150.07,1177,3004,1207,P2,35.0,4.3,1.18,35.0,0.45,14.6,,0,0,,
1480.6,03:39:34,100,48,64,56,150.45,1177,3004,1207,P2,35.0,4.34,1.18,35.0,0.45,13.9,,0,0,,
1481.6,03:39:35,100,58,64,56,150.92,1177,3004,1207,P2,33.0,4.32,1.18,33.0,0.45,14.5,,0,0,,
1482.6,03:39:36,100,49,64,56,150.22,1177,3004,1207,P2,34.0,4.31,1.16,35.0,0.45,14.3,,0,0,,
1483.7,03:39:37,100,48,64,56,150.55,1177,3004,1207,P2,34.0,4.32,1.16,35.0,0.45,14.0,,0,0,,
1484.7,03:39:38,100,52,64,56,150.72,1177,3004,1207,P2,34.0,4.3,1.16,35.0,0.45,14.4,,0,0,,
1485.7,03:39:39,100,48,64,56,150.51,1177,3004,1207,P2,35.0,4.32,1.16,34.0,0.45,14.3,,0,0,,
1486.7,03:39:40,0,0,59,57,65.56,1265,3505,334,P0,25.0,3.92,1.16,26.0,0.45,8.9,,0,0,,
1487.8,03:39:41,0,0,58,56,65.04,1265,3505,334,P0,49.0,4.23,1.31,49.0,0.45,56.9,,0,0,,
1488.8,03:39:42,0,0,57,56,54.13,1126,3505,334,P0,53.0,4.28,1.31,52.0,0.45,100.0,,0,0,,
1489.9,03:39:43,0,0,56,55,53.39,1126,3004,799,P2,51.0,4.37,1.31,51.0,0.45,99.9,,0,0,,
1490.9,03:39:44,100,50,62,52,152.28,1189,3004,1423,P2,52.0,4.44,1.31,52.0,0.45,100.0,,0,0,,
1492.0,03:39:46,100,50,63,50,150.43,1189,3004,1423,P2,53.0,4.46,1.31,53.0,0.45,100.0,,0,0,,
1493.0,03:39:47,100,50,63,49,150.81,1177,3004,1423,P2,52.0,4.45,1.93,52.0,0.45,100.0,,0,0,,
1494.1,03:39:48,100,50,63,48,153.73,1189,3004,1423,P2,51.0,4.44,1.93,51.0,0.45,100.0,,0,0,,
1495.2,03:39:49,100,50,63,48,150.04,1177,3004,1423,P2,51.0,4.43,1.93,51.0,0.45,100.0,,0,0,,
1496.2,03:39:50,100,50,63,50,150.23,1177,3004,1423,P2,50.0,4.42,1.93,50.0,0.45,100.0,,0,0,,
1497.2,03:39:51,100,59,64,52,150.23,1177,3004,1423,P2,50.0,4.41,2.49,50.0,0.45,100.0,,0,0,,
1498.3,03:39:52,100,50,64,53,150.55,1177,3004,1423,P2,49.0,4.36,2.49,49.0,0.45,100.0,,0,0,,
1499.3,03:39:53,100,50,64,54,150.32,1177,3004,1423,P2,47.0,4.39,2.49,48.0,0.45,100.0,,0,0,,
1500.4,03:39:54,100,50,64,54,150.42,1177,3004,1423,P2,49.0,4.37,2.49,49.0,0.45,100.0,,0,0,,
1501.4,03:39:55,100,50,64,55,150.64,1177,3004,1423,P2,52.0,4.38,2.49,53.0,0.45,100.0,,0,0,,
1502.5,03:39:56,100,50,64,55,150.89,1177,3004,1423,P2,51.0,4.37,3.02,51.0,0.45,100.0,,0,0,,
1503.5,03:39:57,100,50,64,55,150.90,1177,3004,1423,P2,47.0,4.34,3.02,47.0,0.45,100.0,,0,0,,
1504.6,03:39:58,100,50,64,56,150.32,1177,3004,1423,P2,52.0,4.38,3.02,52.0,0.45,100.0,,0,0,,
1505.6,03:39:59,100,59,64,56,150.32,1177,3004,1423,P2,51.0,4.39,3.02,51.0,0.45,100.0,,0,0,,
1506.7,03:40:00,100,58,64,56,150.60,1177,3004,1423,P2,49.0,4.41,3.02,49.0,0.45,100.0,,0,0,,
1507.7,03:40:01,100,50,64,56,150.99,1177,3004,1423,P2,51.0,4.55,3.49,52.0,0.45,100.0,,0,0,,
1508.8,03:40:02,100,50,64,56,151.36,1177,3004,1423,P2,50.0,4.42,3.49,50.0,0.45,100.0,,0,0,,
1509.8,03:40:03,100,50,64,56,150.47,1177,3004,1423,P2,49.0,4.41,3.49,49.0,0.45,99.9,,0,0,,
1510.9,03:40:04,100,50,64,56,151.37,1177,3004,1423,P2,50.0,4.41,3.49,50.0,0.45,100.0,,0,0,,
1511.9,03:40:05,100,50,65,56,150.98,1177,3004,1423,P2,52.0,4.38,3.49,52.0,0.45,100.0,,0,0,,
1513.0,03:40:07,100,50,65,56,150.89,1177,3004,1423,P2,52.0,4.37,3.94,52.0,0.45,100.0,,0,0,,
1514.0,03:40:08,100,50,65,56,150.89,1177,3004,1423,P2,51.0,4.37,3.94,51.0,0.45,100.0,,0,0,,
1515.1,03:40:09,100,59,64,56,151.08,1177,3004,1423,P2,49.0,4.32,3.94,52.0,0.45,100.0,,0,0,,
1516.1,03:40:10,100,51,65,56,151.36,1177,3004,1423,P2,50.0,4.33,3.94,51.0,0.45,100.0,,0,0,,
1517.2,03:40:11,100,50,65,56,151.08,1177,3004,1423,P2,50.0,4.33,4.34,50.0,0.45,100.0,,0,0,,
1518.2,03:40:12,100,50,65,56,150.98,1177,3004,1423,P2,52.0,4.35,4.34,52.0,0.45,100.0,,0,0,,
1519.3,03:40:13,100,50,65,56,150.79,1177,3004,1423,P2,51.0,4.34,4.34,52.0,0.45,100.0,,0,0,,
1520.3,03:40:14,100,50,65,56,150.85,1177,3004,1423,P2,52.0,4.35,4.34,52.0,0.45,100.0,,0,0,,
1521.4,03:40:15,100,50,65,57,151.32,1177,3004,1423,P2,52.0,4.32,4.34,52.0,0.45,99.9,,0,0,,
1522.5,03:40:16,100,50,65,58,150.85,1177,3004,1423,P2,50.0,4.33,4.79,50.0,0.45,100.0,,0,0,,
1523.5,03:40:17,100,51,65,58,150.89,1177,3004,1423,P2,52.0,4.32,4.79,52.0,0.45,100.0,,0,0,,
1524.5,03:40:18,100,51,65,58,150.79,1177,3004,1423,P2,52.0,4.32,4.79,52.0,0.45,99.9,,0,0,,
1525.6,03:40:19,100,50,65,59,150.79,1177,3004,1423,P2,54.0,4.35,4.79,53.0,0.45,100.0,,0,0,,
1526.6,03:40:20,100,50,65,59,150.89,1177,3004,1423,P2,54.0,4.34,4.79,54.0,0.45,100.0,,0,0,,
1527.7,03:40:21,100,50,65,59,151.46,1177,3004,1423,P2,52.0,4.33,5.13,52.0,0.45,100.0,,0,0,,
1528.7,03:40:22,100,50,65,59,150.98,1177,3004,1423,P2,53.0,4.34,5.13,54.0,0.45,100.0,,0,0,,
1529.8,03:40:23,100,50,65,59,151.36,1177,3004,1423,P2,50.0,4.32,5.13,55.0,0.45,100.0,,0,0,,
1530.8,03:40:24,100,50,65,59,151.30,1177,3004,1423,P2,50.0,4.32,5.13,51.0,0.45,99.9,,0,0,,
1531.9,03:40:25,100,50,65,59,151.13,1177,3004,1423,P2,52.0,4.34,5.13,53.0,0.45,100.0,,0,0,,
1532.9,03:40:26,100,50,65,59,150.95,1177,3004,1423,P2,52.0,4.34,5.44,52.0,0.45,100.0,,0,0,,
1534.0,03:40:27,100,56,65,59,151.05,1177,3004,1423,P2,54.0,4.33,5.44,54.0,0.45,100.0,,0,0,,
1535.0,03:40:29,100,50,65,59,150.73,1177,3004,1423,P2,54.0,4.32,5.44,54.0,0.45,100.0,,0,0,,
1536.1,03:40:30,100,51,65,59,151.01,1177,3004,1423,P2,52.0,4.35,5.44,52.0,0.45,100.0,,0,0,,
1537.1,03:40:31,100,50,65,59,150.95,1177,3004,1423,P2,52.0,4.34,5.81,52.0,0.45,99.9,,0,0,,
1538.2,03:40:32,100,50,65,59,151.27,1177,3004,1423,P2,53.0,4.31,5.81,53.0,0.45,100.0,,0,0,,
1539.2,03:40:33,100,50,65,59,150.92,1177,3004,1423,P2,51.0,4.32,5.81,52.0,0.45,100.0,,0,0,,
1540.3,03:40:34,100,50,65,59,150.92,1177,3004,1423,P2,53.0,4.36,5.81,54.0,0.45,100.0,,0,0,,
1541.3,03:40:35,100,50,65,59,151.04,1177,3004,1423,P2,52.0,4.35,5.81,52.0,0.45,100.0,,0,0,,
1542.4,03:40:36,100,59,65,59,151.17,1177,3004,1423,P2,54.0,4.33,6.06,53.0,0.45,99.9,,0,0,,
1543.4,03:40:37,100,57,65,59,151.55,1177,3004,1423,P2,52.0,4.35,6.06,52.0,0.45,100.0,,0,0,,
1544.5,03:40:38,100,50,65,59,151.39,1177,3004,1423,P2,52.0,4.32,6.06,52.0,0.45,100.0,,0,0,,
1545.5,03:40:39,100,51,65,59,150.92,1177,3004,1423,P2,49.0,4.36,6.06,50.0,0.45,100.0,,0,0,,
1546.6,03:40:40,100,50,65,59,151.20,1177,3004,1423,P2,52.0,4.37,6.06,52.0,0.45,100.0,,0,0,,
1547.6,03:40:41,100,50,65,59,150.92,1177,3004,1423,P2,53.0,4.36,6.3,54.0,0.45,99.9,,0,0,,
1548.7,03:40:42,100,50,65,59,150.82,1177,3004,1423,P2,54.0,4.35,6.3,54.0,0.45,99.8,,0,0,,
1549.7,03:40:43,100,50,65,59,150.92,1177,3004,1423,P2,50.0,4.32,6.3,50.0,0.45,100.0,,0,0,,
1550.8,03:40:44,100,50,65,59,151.30,1177,3004,1423,P2,51.0,4.35,6.3,53.0,0.45,100.0,,0,0,,
1551.8,03:40:45,100,60,65,59,151.20,1177,3004,1423,P2,50.0,4.33,6.3,50.0,0.45,100.0,,0,0,,
1552.9,03:40:46,100,50,65,59,151.11,1177,3004,1423,P2,52.0,4.3,6.6,52.0,0.45,100.0,,0,0,,
1553.9,03:40:47,100,50,65,59,151.11,1177,3004,1423,P2,53.0,4.3,6.6,53.0,0.45,100.0,,0,0,,
1555.0,03:40:49,100,50,65,59,151.23,1177,3004,1423,P2,54.0,4.31,6.6,55.0,0.45,100.0,,0,0,,
1556.0,03:40:50,100,50,65,59,151.01,1177,3004,1423,P2,53.0,4.3,6.6,52.0,0.45,99.9,,0,0,,
1557.1,03:40:51,100,50,65,59,150.92,1177,3004,1423,P2,52.0,4.32,6.6,52.0,0.45,100.0,,0,0,,
1558.1,03:40:52,100,50,65,59,150.79,1177,3004,1423,P2,52.0,4.32,6.87,52.0,0.45,100.0,,0,0,,
1559.2,03:40:53,100,50,65,59,151.07,1177,3004,1423,P2,52.0,4.35,6.87,52.0,0.45,100.0,,0,0,,
1560.2,03:40:54,100,59,65,59,150.99,1177,3004,1423,P2,51.0,4.35,6.87,51.0,0.45,99.9,,0,0,,
1561.3,03:40:55,100,50,65,59,151.49,1177,3004,1423,P2,52.0,4.35,6.87,51.0,0.45,100.0,,0,0,,
1562.3,03:40:56,100,50,65,59,151.55,1177,3004,1423,P2,52.0,4.31,7.28,52.0,0.45,100.0,,0,0,,
1563.4,03:40:57,100,50,65,59,151.11,1177,3004,1423,P2,54.0,4.32,7.28,54.0,0.45,100.0,,0,0,,
1564.4,03:40:58,100,50,65,59,150.73,1177,3004,1423,P2,53.0,4.33,7.28,53.0,0.45,100.0,,0,0,,
1565.5,03:40:59,100,50,65,59,151.11,1177,3004,1423,P2,53.0,4.31,7.28,53.0,0.45,100.0,,0,0,,
1566.5,03:41:00,100,49,65,59,150.50,1177,3004,1423,P2,53.0,4.33,7.28,54.0,0.45,100.0,,0,0,,
1567.6,03:41:01,100,50,65,59,150.73,1177,3004,1423,P2,54.0,4.36,7.42,54.0,0.45,100.0,,0,0,,
1568.6,03:41:02,100,59,65,59,150.92,1177,3004,1423,P2,54.0,4.36,7.42,54.0,0.45,100.0,,0,0,,
1569.7,03:41:03,100,59,65,59,150.92,1177,3004,1423,P2,52.0,4.34,7.42,52.0,0.45,100.0,,0,0,,
1570.7,03:41:04,100,50,65,59,150.54,1177,3004,1423,P2,53.0,4.31,7.42,54.0,0.45,100.0,,0,0,,
1571.8,03:41:05,100,50,65,59,151.39,1177,3004,1423,P2,53.0,4.32,7.42,53.0,0.45,99.6,,0,0,,
1572.8,03:41:06,100,50,65,59,150.50,1177,3004,1423,P2,53.0,4.31,7.54,53.0,0.45,99.8,,0,0,,
1573.9,03:41:07,100,50,65,59,150.73,1177,3004,1423,P2,53.0,4.32,7.54,53.0,0.45,100.0,,0,0,,
1575.0,03:41:08,100,50,65,59,151.20,1177,3004,1423,P2,54.0,4.33,7.54,54.0,0.45,100.0,,0,0,,
1576.0,03:41:10,100,50,65,59,150.50,1177,3004,1423,P2,52.0,4.3,7.54,52.0,0.45,100.0,,0,0,,
1577.1,03:41:11,100,50,65,59,151.07,1177,3004,1423,P2,55.0,4.32,7.54,55.0,0.45,100.0,,0,0,,
1578.1,03:41:12,100,59,65,59,151.30,1177,3004,1423,P2,54.0,4.32,7.66,54.0,0.45,100.0,,0,0,,
1579.2,03:41:13,100,50,65,59,151.34,1177,3004,1423,P2,53.0,4.31,7.66,53.0,0.45,99.9,,0,0,,
1580.2,03:41:14,100,50,65,59,151.07,1177,3004,1423,P2,54.0,4.36,7.66,54.0,0.45,100.0,,0,0,,
1581.3,03:41:15,100,50,65,59,150.98,1177,3004,1423,P2,50.0,4.39,7.66,48.0,0.45,100.0,,0,0,,
1582.3,03:41:16,100,50,65,59,151.26,1177,3004,1423,P2,52.0,4.36,7.85,52.0,0.45,100.0,,0,0,,
1583.4,03:41:17,100,51,65,59,151.16,1177,3004,1423,P2,53.0,4.33,7.85,53.0,0.45,100.0,,0,0,,
1584.4,03:41:18,100,50,65,59,150.88,1177,3004,1423,P2,51.0,4.31,7.85,51.0,0.45,100.0,,0,0,,
1585.5,03:41:19,100,50,65,59,151.07,1177,3004,1423,P2,52.0,4.34,7.85,53.0,0.45,100.0,,0,0,,
1586.5,03:41:20,100,59,65,59,151.26,1177,3004,1423,P2,54.0,4.36,7.85,54.0,0.45,100.0,,0,0,,
1587.6,03:41:21,100,59,65,59,151.01,1177,3004,1423,P2,54.0,4.34,7.94,54.0,0.45,100.0,,0,0,,
1588.6,03:41:22,100,50,65,59,150.88,1177,3004,1423,P2,55.0,4.32,7.94,55.0,0.45,100.0,,0,0,,
1589.7,03:41:23,100,50,65,59,151.18,1177,3004,1423,P2,54.0,4.33,7.94,54.0,0.45,100.0,,0,0,,
1590.7,03:41:24,100,50,65,59,151.26,1177,3004,1423,P2,52.0,4.33,7.94,51.0,0.45,100.0,,0,0,,
1591.8,03:41:25,100,50,65,59,151.30,1177,3004,1423,P2,54.0,4.34,7.94,54.0,0.45,99.9,,0,0,,
1592.8,03:41:26,100,50,65,59,151.07,1177,3004,1423,P2,54.0,4.35,8.03,54.0,0.45,100.0,,0,0,,
1593.9,03:41:27,100,50,65,59,151.26,1177,3004,1423,P2,54.0,4.36,8.03,54.0,0.45,100.0,,0,0,,
1594.9,03:41:28,100,50,65,59,151.55,1177,3004,1423,P2,54.0,4.37,8.03,55.0,0.45,100.0,,0,0,,
1596.0,03:41:29,100,59,65,59,151.07,1177,3004,1423,P2,54.0,4.36,8.03,54.0,0.45,100.0,,0,0,,
1597.0,03:41:31,100,50,65,59,151.35,1177,3004,1423,P2,52.0,4.39,8.03,52.0,0.45,100.0,,0,0,,
1598.1,03:41:32,100,50,65,59,150.88,1177,3004,1423,P2,52.0,4.37,8.1,48.0,0.45,100.0,,0,0,,
1599.1,03:41:33,100,50,65,59,151.18,1177,3004,1423,P2,55.0,4.36,8.1,55.0,0.45,99.6,,0,0,,
1600.2,03:41:34,100,50,65,59,151.16,1177,3004,1423,P2,52.0,4.35,8.1,52.0,0.45,99.9,,0,0,,
1601.2,03:41:35,100,50,65,59,151.35,1177,3004,1423,P2,50.0,4.36,8.1,50.0,0.45,100.0,,0,0,,
1602.3,03:41:36,100,50,65,59,151.22,1177,3004,1423,P2,50.0,4.35,8.18,50.0,0.45,100.0,,0,0,,
1603.3,03:41:37,100,49,65,59,150.99,1177,3004,1423,P2,51.0,4.31,8.18,51.0,0.45,100.0,,0,0,,
1604.4,03:41:38,100,59,66,59,151.18,1177,3004,1423,P2,54.0,4.32,8.18,55.0,0.45,100.0,,0,0,,
1605.4,03:41:39,100,59,65,59,151.07,1177,3004,1423,P2,54.0,4.32,8.18,54.0,0.45,99.9,,0,0,,
1606.5,03:41:40,100,50,66,59,150.88,1177,3004,1423,P2,54.0,4.34,8.18,54.0,0.45,100.0,,0,0,,
1607.5,03:41:41,100,51,65,59,151.12,1177,3004,1423,P2,51.0,4.31,8.24,51.0,0.45,100.0,,0,0,,
1608.6,03:41:42,100,50,65,59,151.16,1177,3004,1423,P2,55.0,4.32,8.24,55.0,0.45,100.0,,0,0,,
1609.6,03:41:43,100,50,65,59,151.46,1177,3004,1423,P2,55.0,4.42,8.24,56.0,0.45,100.0,,0,0,,
1610.7,03:41:44,100,50,65,59,150.92,1177,3004,1423,P2,53.0,4.52,8.24,52.0,0.45,100.0,,0,0,,
1611.7,03:41:45,100,50,66,59,151.26,1177,3004,1423,P2,52.0,4.55,8.24,52.0,0.45,100.0,,0,0,,
1612.7,03:41:46,100,50,65,59,151.07,1177,3004,1423,P2,54.0,4.54,8.38,54.0,0.45,100.0,,0,0,,
1613.8,03:41:47,100,59,65,59,151.07,1177,3004,1423,P2,53.0,4.51,8.38,54.0,0.45,100.0,,0,0,,
1614.8,03:41:48,100,51,66,59,151.01,1177,3004,1423,P2,53.0,4.48,8.38,53.0,0.45,99.9,,0,0,,
1615.9,03:41:49,100,50,66,59,151.07,1177,3004,1423,P2,54.0,4.45,8.38,54.0,0.45,100.0,,0,0,,
1617.0,03:41:50,100,50,66,59,151.16,1177,3004,1423,P2,54.0,4.47,8.38,55.0,0.45,100.0,,0,0,,
1618.0,03:41:52,100,50,65,59,151.51,1177,3004,1423,P2,54.0,4.45,8.59,54.0,0.45,100.0,,0,0,,
1619.0,03:41:53,100,50,66,59,151.26,1177,3004,1423,P2,51.0,4.41,8.59,50.0,0.45,100.0,,0,0,,
1620.1,03:41:54,100,50,65,59,151.16,1177,3004,1423,P2,53.0,4.39,8.59,53.0,0.45,100.0,,0,0,,
1621.1,03:41:55,100,50,66,59,151.16,1177,3004,1423,P2,54.0,4.39,8.59,54.0,0.45,100.0,,0,0,,
1622.2,03:41:56,100,58,66,59,151.46,1177,3004,1423,P2,54.0,4.39,8.63,54.0,0.45,100.0,,0,0,,
1623.2,03:41:57,100,50,66,59,151.54,1177,3004,1423,P2,54.0,4.36,8.63,54.0,0.45,100.0,,0,0,,
1624.3,03:41:58,100,50,66,59,151.35,1177,3004,1423,P2,55.0,4.38,8.63,55.0,0.45,100.0,,0,0,,
1625.3,03:41:59,100,50,65,59,150.79,1177,3004,1423,P2,53.0,4.38,8.63,53.0,0.45,99.9,,0,0,,
1626.4,03:42:00,100,49,66,59,150.84,1177,3004,1423,P2,54.0,4.37,8.63,54.0,0.45,100.0,,0,0,,
1627.4,03:42:01,100,50,66,59,151.26,1177,3004,1423,P2,54.0,4.37,8.66,54.0,0.45,100.0,,0,0,,
1628.5,03:42:02,100,51,66,59,151.60,1177,3004,1423,P2,53.0,4.39,8.66,53.0,0.45,100.0,,0,0,,
1629.5,03:42:03,100,50,66,59,151.54,1177,3004,1423,P2,54.0,4.41,8.66,54.0,0.45,100.0,,0,0,,
1630.6,03:42:04,100,59,66,59,151.74,1177,3004,1423,P2,53.0,4.38,8.66,53.0,0.45,100.0,,0,0,,
1631.7,03:42:05,100,59,66,59,151.70,1177,3004,1423,P2,53.0,4.4,8.66,53.0,0.45,100.0,,0,0,,
1632.7,03:42:06,100,50,66,59,151.92,1177,3004,1423,P2,54.0,4.4,8.76,53.0,0.45,100.0,,0,0,,
1633.8,03:42:07,100,50,66,59,151.18,1177,3004,1423,P2,49.0,4.41,8.76,54.0,0.45,99.9,,0,0,,
1634.8,03:42:08,100,51,66,59,151.57,1177,3004,1423,P2,53.0,4.38,8.76,51.0,0.45,100.0,,0,0,,
1635.8,03:42:09,100,50,66,59,151.35,1177,3004,1423,P2,51.0,4.39,8.76,52.0,0.45,100.0,,0,0,,
1636.9,03:42:10,100,50,66,59,151.89,1177,3004,1423,P2,54.0,4.38,8.76,54.0,0.45,100.0,,0,0,,
1637.9,03:42:11,100,50,66,59,151.04,1177,3004,1423,P2,54.0,4.38,8.78,54.0,0.45,100.0,,0,0,,
1639.0,03:42:13,100,50,66,59,151.84,1177,3004,1423,P2,54.0,4.36,8.78,54.0,0.45,100.0,,0,0,,
1640.0,03:42:14,100,50,66,59,151.26,1177,3004,1423,P2,54.0,4.35,8.78,54.0,0.45,100.0,,0,0,,
1641.1,03:42:15,100,51,66,59,151.30,1177,3004,1423,P2,55.0,4.35,8.78,55.0,0.45,100.0,,0,0,,
1642.2,03:42:16,100,50,66,59,151.61,1177,3004,1423,P2,55.0,4.35,8.8,52.0,0.45,100.0,,0,0,,
1643.2,03:42:17,100,50,66,59,151.41,1177,3004,1423,P2,51.0,4.37,8.8,52.0,0.45,100.0,,0,0,,
1644.2,03:42:18,100,50,66,59,151.18,1177,3004,1423,P2,54.0,4.34,8.8,56.0,0.45,100.0,,0,0,,
1645.3,03:42:19,100,50,66,59,151.42,1177,3004,1423,P2,54.0,4.37,8.8,54.0,0.45,100.0,,0,0,,
1646.3,03:42:20,100,50,66,59,151.19,1177,3004,1423,P2,55.0,4.36,8.8,55.0,0.45,100.0,,0,0,,
1647.4,03:42:21,100,50,66,59,151.22,1177,3004,1423,P2,54.0,4.35,8.82,53.0,0.45,99.9,,0,0,,
1648.5,03:42:22,100,49,66,59,151.31,1177,3004,1423,P2,53.0,4.33,8.82,53.0,0.45,99.9,,0,0,,
1649.5,03:42:23,100,51,66,59,150.88,1177,3004,1423,P2,54.0,4.32,8.82,54.0,0.45,100.0,,0,0,,
1650.6,03:42:24,100,50,66,59,151.35,1177,3004,1423,P2,55.0,4.35,8.82,55.0,0.45,99.9,,0,0,,
1651.6,03:42:25,100,50,66,59,151.51,1177,3004,1423,P2,56.0,4.32,8.82,56.0,0.45,100.0,,0,0,,
1652.7,03:42:26,100,50,66,59,151.35,1177,3004,1423,P2,54.0,4.34,8.83,55.0,0.45,100.0,,0,0,,
1653.7,03:42:27,100,50,66,59,151.46,1177,3004,1423,P2,51.0,4.32,8.83,53.0,0.45,100.0,,0,0,,
1654.8,03:42:28,100,50,66,59,151.46,1177,3004,1423,P2,52.0,4.35,8.83,52.0,0.45,100.0,,0,0,,
1655.8,03:42:29,100,50,66,59,151.35,1177,3004,1423,P2,55.0,4.34,8.83,54.0,0.45,100.0,,0,0,,
1656.9,03:42:30,100,50,66,59,151.16,1177,3004,1423,P2,53.0,4.37,8.83,53.0,0.45,99.9,,0,0,,
1657.9,03:42:31,100,49,66,59,151.66,1177,3004,1423,P2,53.0,4.35,8.85,52.0,0.45,100.0,,0,0,,
1659.0,03:42:32,100,58,66,59,151.63,1177,3004,1423,P2,55.0,4.34,8.85,55.0,0.45,100.0,,0,0,,
1660.0,03:42:34,100,50,66,59,151.63,1177,3004,1423,P2,55.0,4.34,8.85,55.0,0.45,100.0,,0,0,,
1661.1,03:42:35,100,50,66,59,151.48,1177,3004,1423,P2,54.0,4.36,8.85,54.0,0.45,100.0,,0,0,,
1662.1,03:42:36,100,50,66,59,151.33,1177,3004,1423,P2,54.0,4.37,8.85,54.0,0.45,100.0,,0,0,,
1663.2,03:42:37,100,50,66,59,151.50,1177,3004,1423,P2,54.0,4.35,8.94,54.0,0.45,100.0,,0,0,,
1664.2,03:42:38,100,50,66,59,151.26,1177,3004,1423,P2,55.0,4.37,8.94,55.0,0.45,100.0,,0,0,,
1665.2,03:42:39,100,50,66,59,150.98,1177,3004,1423,P2,54.0,4.37,8.94,54.0,0.45,100.0,,0,0,,
1666.3,03:42:40,100,50,66,59,151.16,1177,3004,1423,P2,55.0,4.37,8.94,56.0,0.45,99.6,,0,0,,
1667.3,03:42:41,100,59,66,59,151.19,1177,3004,1423,P2,54.0,4.37,8.94,54.0,0.45,99.9,,0,0,,
1668.4,03:42:42,100,57,66,59,151.73,1177,3004,1423,P2,55.0,4.35,8.94,55.0,0.45,100.0,,0,0,,
1669.5,03:42:43,100,50,66,59,151.65,1177,3004,1423,P2,54.0,4.34,8.94,54.0,0.45,100.0,,0,0,,
1670.5,03:42:44,100,50,66,59,151.46,1177,3004,1423,P2,54.0,4.35,8.94,54.0,0.45,100.0,,0,0,,
1671.5,03:42:45,100,50,66,59,151.48,1177,3004,1423,P2,54.0,4.36,8.94,54.0,0.45,100.0,,0,0,,
1672.6,03:42:46,100,50,66,59,151.57,1177,3004,1423,P2,52.0,4.37,8.95,51.0,0.45,100.0,,0,0,,
1673.6,03:42:47,100,50,66,59,151.10,1177,3004,1423,P2,55.0,4.38,8.95,55.0,0.45,99.8,,0,0,,
1674.7,03:42:48,100,49,66,59,151.10,1177,3004,1423,P2,53.0,4.36,8.95,53.0,0.45,100.0,,0,0,,
1675.7,03:42:49,100,50,66,59,151.50,1177,3004,1423,P2,54.0,4.34,8.95,52.0,0.45,100.0,,0,0,,
1676.8,03:42:50,100,59,66,59,151.82,1177,3004,1423,P2,54.0,4.35,8.95,54.0,0.45,100.0,,0,0,,
1677.8,03:42:51,100,50,66,59,151.70,1177,3004,1423,P2,57.0,4.36,8.95,57.0,0.45,100.0,,0,0,,
1678.9,03:42:52,100,51,66,59,151.50,1177,3004,1423,P2,52.0,4.35,8.95,52.0,0.45,100.0,,0,0,,
1679.9,03:42:53,100,50,66,59,151.38,1177,3004,1423,P2,54.0,4.35,8.95,54.0,0.45,100.0,,0,0,,
1681.0,03:42:55,100,50,66,59,151.51,1177,3004,1423,P2,54.0,4.35,8.95,54.0,0.45,100.0,,0,0,,
1682.0,03:42:56,100,50,66,59,151.10,1177,3004,1423,P2,55.0,4.35,8.95,55.0,0.45,100.0,,0,0,,
1683.1,03:42:57,100,50,66,59,151.12,1177,3004,1423,P2,54.0,4.35,9.12,53.0,0.45,100.0,,0,0,,
1684.1,03:42:58,100,50,66,59,151.57,1177,3004,1423,P2,53.0,4.36,9.12,53.0,0.45,100.0,,0,0,,
1685.2,03:42:59,100,59,66,59,151.48,1177,3004,1423,P2,54.0,4.35,9.12,54.0,0.45,100.0,,0,0,,
1686.2,03:43:00,100,50,66,59,151.49,1177,3004,1423,P2,53.0,4.39,9.12,53.0,0.45,100.0,,0,0,,
1687.3,03:43:01,100,50,66,59,151.35,1177,3004,1423,P2,54.0,4.36,9.11,54.0,0.45,99.8,,0,0,,
1688.3,03:43:02,100,51,66,59,151.69,1177,3004,1423,P2,54.0,4.38,9.11,54.0,0.45,100.0,,0,0,,
1689.4,03:43:03,100,50,66,59,151.92,1177,3004,1423,P2,50.0,4.39,9.11,51.0,0.45,100.0,,0,0,,
1690.4,03:43:04,100,50,66,59,151.48,1177,3004,1423,P2,52.0,4.36,9.11,52.0,0.45,99.8,,0,0,,
1691.5,03:43:05,100,50,66,59,151.38,1177,3004,1423,P2,53.0,4.36,9.11,53.0,0.45,100.0,,0,0,,
1692.5,03:43:06,100,50,66,59,151.37,1177,3004,1423,P2,55.0,4.36,9.1,54.0,0.45,100.0,,0,0,,
1693.6,03:43:07,100,59,66,59,151.46,1177,3004,1423,P2,54.0,4.36,9.1,54.0,0.45,100.0,,0,0,,
1694.6,03:43:08,100,59,66,59,151.89,1177,3004,1423,P2,55.0,4.37,9.1,55.0,0.45,100.0,,0,0,,
1695.7,03:43:09,100,50,66,59,151.79,1177,3004,1423,P2,56.0,4.39,9.1,56.0,0.45,100.0,,0,0,,
1696.7,03:43:10,100,50,66,59,151.38,1177,3004,1423,P2,53.0,4.4,9.1,53.0,0.45,100.0,,0,0,,
1697.8,03:43:11,100,50,66,59,151.48,1177,3004,1423,P2,54.0,4.36,9.17,54.0,0.45,100.0,,0,0,,
1698.8,03:43:12,100,50,66,59,151.48,1177,3004,1423,P2,54.0,4.37,9.17,54.0,0.45,100.0,,0,0,,
1699.9,03:43:13,100,50,66,59,151.66,1177,3004,1423,P2,54.0,4.36,9.17,55.0,0.45,100.0,,0,0,,
1700.9,03:43:14,100,50,66,59,151.29,1177,3004,1423,P2,55.0,4.38,9.17,55.0,0.45,100.0,,0,0,,
1702.0,03:43:15,100,49,66,59,151.10,1177,3004,1423,P2,54.0,4.4,9.17,54.0,0.45,100.0,,0,0,,
1703.0,03:43:17,100,59,66,59,151.48,1177,3004,1423,P2,51.0,4.38,9.16,51.0,0.45,100.0,,0,0,,
1704.1,03:43:18,100,50,66,59,151.35,1177,3004,1423,P2,53.0,4.39,9.16,51.0,0.45,100.0,,0,0,,
1705.1,03:43:19,100,50,66,59,151.60,1177,3004,1423,P2,54.0,4.4,9.16,54.0,0.45,100.0,,0,0,,
1706.2,03:43:20,100,50,66,59,151.29,1177,3004,1423,P2,54.0,4.37,9.16,54.0,0.45,100.0,,0,0,,
1707.2,03:43:21,100,50,66,59,151.66,1177,3004,1423,P2,54.0,4.35,9.14,54.0,0.45,100.0,,0,0,,
1708.3,03:43:22,100,50,66,59,151.76,1177,3004,1423,P2,53.0,4.36,9.14,53.0,0.45,100.0,,0,0,,
1709.3,03:43:23,100,50,66,59,151.48,1177,3004,1423,P2,54.0,4.34,9.14,54.0,0.45,100.0,,0,0,,
1710.4,03:43:24,100,50,66,59,151.19,1177,3004,1423,P2,54.0,4.35,9.14,55.0,0.45,100.0,,0,0,,
1711.4,03:43:25,100,59,66,59,151.38,1177,3004,1423,P2,56.0,4.37,9.14,56.0,0.45,100.0,,0,0,,
1712.5,03:43:26,100,59,66,59,151.57,1177,3004,1423,P2,54.0,4.37,9.21,54.0,0.45,100.0,,0,0,,
1713.5,03:43:27,100,50,66,59,151.48,1177,3004,1423,P2,52.0,4.35,9.21,52.0,0.45,99.9,,0,0,,
1714.6,03:43:28,100,50,66,59,152.02,1177,3004,1423,P2,53.0,4.35,9.21,53.0,0.45,100.0,,0,0,,
1715.6,03:43:29,100,50,66,59,151.76,1177,3004,1423,P2,53.0,4.36,9.21,53.0,0.45,99.9,,0,0,,
1716.7,03:43:30,100,50,66,59,151.66,1177,3004,1423,P2,53.0,4.35,9.21,53.0,0.45,100.0,,0,0,,
1717.7,03:43:31,100,50,66,59,151.93,1177,3004,1423,P2,55.0,4.36,9.2,54.0,0.45,100.0,,0,0,,
1718.8,03:43:32,100,50,66,59,151.99,1177,3004,1423,P2,54.0,4.36,9.2,54.0,0.45,100.0,,0,0,,
1719.8,03:43:33,100,50,66,59,151.29,1177,3004,1423,P2,55.0,4.37,9.2,55.0,0.45,100.0,,0,0,,
1720.9,03:43:34,100,59,66,59,151.76,1177,3004,1423,P2,56.0,4.37,9.2,56.0,0.45,100.0,,0,0,,
1721.9,03:43:35,100,51,66,59,151.95,1177,3004,1423,P2,55.0,4.36,9.2,55.0,0.45,99.9,,0,0,,
1723.0,03:43:37,100,50,66,59,151.63,1177,3004,1423,P2,55.0,4.33,9.26,55.0,0.45,100.0,,0,0,,
1724.0,03:43:38,100,50,66,59,151.48,1177,3004,1423,P2,55.0,4.32,9.26,55.0,0.45,100.0,,0,0,,
1725.1,03:43:39,100,50,66,59,151.70,1177,3004,1423,P2,55.0,4.31,9.26,52.0,0.45,100.0,,0,0,,
1726.1,03:43:40,100,50,66,59,151.10,1177,3004,1423,P2,53.0,4.34,9.26,53.0,0.45,100.0,,0,0,,
1727.2,03:43:41,100,50,66,59,151.29,1177,3004,1423,P2,54.0,4.35,9.32,54.0,0.45,100.0,,0,0,,
1728.2,03:43:42,100,50,66,59,151.57,1177,3004,1423,P2,55.0,4.36,9.32,55.0,0.45,100.0,,0,0,,
1729.3,03:43:43,99,57,66,59,151.26,1177,3004,1423,P2,55.0,4.36,9.32,55.0,0.45,100.0,,0,0,,
1730.3,03:43:44,100,50,66,59,151.19,1177,3004,1423,P2,54.0,4.35,9.32,54.0,0.45,99.8,,0,0,,
1731.4,03:43:45,100,50,66,59,150.72,1177,3004,1423,P2,56.0,4.39,9.32,56.0,0.45,100.0,,0,0,,
1732.4,03:43:46,100,50,66,59,151.57,1177,3004,1423,P2,55.0,4.37,9.29,55.0,0.45,99.9,,0,0,,
1733.5,03:43:47,100,50,66,59,151.29,1177,3004,1423,P2,54.0,4.37,9.29,54.0,0.45,99.9,,0,0,,
1734.6,03:43:48,100,51,66,59,151.76,1177,3004,1423,P2,54.0,4.34,9.29,54.0,0.45,100.0,,0,0,,
1735.6,03:43:49,100,50,66,59,151.66,1177,3004,1423,P2,55.0,4.37,9.29,55.0,0.45,100.0,,0,0,,
1736.7,03:43:50,100,50,66,59,151.48,1177,3004,1423,P2,55.0,4.35,9.29,55.0,0.45,100.0,,0,0,,
1737.7,03:43:51,100,50,66,59,151.66,1177,3004,1423,P2,54.0,4.35,9.35,54.0,0.45,100.0,,0,0,,
1738.8,03:43:52,100,59,66,59,151.85,1177,3004,1423,P2,54.0,4.34,9.35,52.0,0.45,100.0,,0,0,,
1739.8,03:43:53,100,51,66,59,152.04,1177,3004,1423,P2,55.0,4.36,9.35,54.0,0.45,100.0,,0,0,,
1740.9,03:43:54,100,50,66,59,151.76,1177,3004,1423,P2,56.0,4.36,9.35,56.0,0.45,100.0,,0,0,,
1741.9,03:43:55,100,50,66,59,151.48,1177,3004,1423,P2,55.0,4.34,9.35,54.0,0.45,100.0,,0,0,,
1743.0,03:43:56,100,50,66,59,151.66,1177,3004,1423,P2,55.0,4.35,9.32,55.0,0.45,100.0,,0,0,,
1744.0,03:43:58,100,50,66,59,151.82,1177,3004,1423,P2,54.0,4.36,9.32,54.0,0.45,100.0,,0,0,,
1745.1,03:43:59,100,50,66,59,151.19,1177,3004,1423,P2,54.0,4.38,9.32,55.0,0.45,100.0,,0,0,,
1746.1,03:44:00,100,50,66,59,151.29,1177,3004,1423,P2,55.0,4.37,9.32,55.0,0.45,100.0,,0,0,,
1747.2,03:44:01,100,54,66,59,151.01,1177,3004,1423,P2,54.0,4.35,9.38,53.0,0.45,100.0,,0,0,,
1748.2,03:44:02,100,50,66,59,151.38,1177,3004,1423,P2,56.0,4.36,9.38,56.0,0.45,99.9,,0,0,,
1749.3,03:44:03,100,50,66,59,150.63,1177,3004,1423,P2,54.0,4.35,9.38,54.0,0.45,100.0,,0,0,,
1750.3,03:44:04,100,50,66,59,151.29,1177,3004,1423,P2,54.0,4.34,9.38,54.0,0.45,100.0,,0,0,,
1751.4,03:44:05,100,50,66,59,151.48,1177,3004,1423,P2,54.0,4.35,9.38,53.0,0.45,100.0,,0,0,,
1752.4,03:44:06,100,50,66,59,151.44,1177,3004,1423,P2,53.0,4.33,9.35,53.0,0.45,100.0,,0,0,,
1753.5,03:44:07,100,50,66,59,151.48,1177,3004,1423,P2,54.0,4.33,9.35,54.0,0.45,100.0,,0,0,,
1754.5,03:44:08,100,50,66,59,151.53,1177,3004,1423,P2,54.0,4.34,9.35,54.0,0.45,100.0,,0,0,,
1755.6,03:44:09,100,55,66,59,151.44,1177,3004,1423,P2,50.0,4.35,9.35,51.0,0.45,100.0,,0,0,,
1756.6,03:44:10,100,58,66,59,151.76,1177,3004,1423,P2,51.0,4.34,9.35,51.0,0.45,100.0,,0,0,,
1757.6,03:44:11,100,50,67,59,151.42,1177,3004,1423,P2,53.0,4.33,9.32,53.0,0.45,100.0,,0,0,,
1758.7,03:44:12,100,50,66,59,151.44,1177,3004,1423,P2,55.0,4.33,9.32,55.0,0.45,100.0,,0,0,,
1759.8,03:44:13,100,50,66,59,151.57,1177,3004,1423,P2,57.0,4.36,9.32,57.0,0.45,99.9,,0,0,,
1760.8,03:44:14,100,50,66,59,150.82,1177,3004,1423,P2,54.0,4.35,9.32,55.0,0.45,100.0,,0,0,,
1761.9,03:44:15,100,50,67,59,151.34,1177,3004,1423,P2,55.0,4.34,9.32,54.0,0.45,100.0,,0,0,,
1762.9,03:44:16,100,50,66,59,151.19,1177,3004,1423,P2,57.0,4.35,9.29,57.0,0.45,100.0,,0,0,,
1763.9,03:44:17,100,50,66,59,151.48,1177,3004,1423,P2,54.0,4.36,9.29,54.0,0.45,100.0,,0,0,,
1765.0,03:44:19,100,59,66,59,151.76,1177,3004,1423,P2,54.0,4.34,9.29,54.0,0.45,100.0,,0,0,,
1766.1,03:44:20,100,50,66,59,148.14,1177,3004,1423,P2,50.0,4.37,9.29,50.0,0.45,100.0,,0,0,,
1767.1,03:44:21,100,50,66,59,151.76,1177,3004,1423,P2,56.0,4.35,9.29,53.0,0.45,99.9,,0,0,,
1768.1,03:44:22,100,50,66,59,151.19,1177,3004,1423,P2,53.0,4.36,9.27,53.0,0.45,100.0,,0,0,,
1769.2,03:44:23,100,50,66,59,151.01,1177,3004,1423,P2,52.0,4.36,9.27,54.0,0.45,100.0,,0,0,,
1770.2,03:44:24,100,50,66,59,151.95,1177,3004,1423,P2,56.0,4.37,9.27,56.0,0.45,100.0,,0,0,,
1771.3,03:44:25,100,50,67,59,151.38,1177,3004,1423,P2,52.0,4.35,9.27,52.0,0.45,100.0,,0,0,,
1772.3,03:44:26,100,50,66,59,151.63,1177,3004,1423,P2,52.0,4.34,9.33,52.0,0.45,100.0,,0,0,,
1773.4,03:44:27,100,55,67,59,151.82,1177,3004,1423,P2,54.0,4.34,9.33,54.0,0.45,100.0,,0,0,,
1774.4,03:44:28,100,50,66,59,151.57,1177,3004,1423,P2,55.0,4.36,9.33,55.0,0.45,100.0,,0,0,,
1775.5,03:44:29,100,50,66,59,150.59,1177,3004,1423,P2,55.0,4.38,9.33,55.0,0.45,100.0,,0,0,,
1776.5,03:44:30,100,50,66,59,151.01,1177,3004,1423,P2,55.0,4.35,9.33,55.0,0.45,100.0,,0,0,,
1777.6,03:44:31,100,50,66,60,151.15,1177,3004,1423,P2,55.0,4.37,9.46,55.0,0.45,100.0,,0,0,,
1778.6,03:44:32,100,50,67,60,151.91,1177,3004,1423,P2,55.0,4.36,9.46,55.0,0.45,99.9,,0,0,,
1779.7,03:44:33,100,50,67,61,151.63,1177,3004,1423,P2,54.0,4.35,9.46,54.0,0.45,100.0,,0,0,,
1780.7,03:44:34,100,50,67,61,151.66,1177,3004,1423,P2,52.0,4.34,9.46,53.0,0.45,100.0,,0,0,,
1781.8,03:44:35,100,52,66,61,151.72,1177,3004,1423,P2,55.0,4.34,9.46,55.0,0.45,100.0,,0,0,,
1782.9,03:44:36,100,59,66,62,151.69,1177,3004,1423,P2,55.0,4.36,9.42,56.0,0.45,100.0,,0,0,,
1783.9,03:44:37,100,50,67,62,152.00,1177,3004,1423,P2,56.0,4.37,9.42,55.0,0.45,99.9,,0,0,,
1785.0,03:44:38,100,51,66,62,151.91,1177,3004,1423,P2,54.0,4.33,9.42,54.0,0.45,100.0,,0,0,,
1786.0,03:44:40,100,50,66,62,151.34,1177,3004,1423,P2,54.0,4.33,9.42,54.0,0.45,100.0,,0,0,,
1787.1,03:44:41,100,50,66,62,151.53,1177,3004,1423,P2,55.0,4.34,9.42,54.0,0.45,100.0,,0,0,,
1788.1,03:44:42,100,50,66,62,151.37,1177,3004,1423,P2,40.0,4.23,9.39,39.0,0.45,53.5,,0,0,,
1789.1,03:44:43,100,50,66,62,151.69,1177,3004,1423,P2,38.0,4.24,9.39,38.0,0.45,14.3,,0,0,,
1790.1,03:44:44,100,49,66,62,151.84,1177,3004,1423,P2,39.0,4.23,9.39,39.0,0.45,14.1,,0,0,,
1791.2,03:44:45,5,6,62,62,74.29,1177,3004,1423,P2,34.0,4.26,9.39,34.0,0.45,13.9,,0,0,,
1792.2,03:44:46,0,0,59,62,55.41,1177,3505,334,P0,48.0,6.77,9.84,48.0,0.45,61.6,,0,0,,
1793.3,03:44:47,0,0,58,59,55.16,1177,3505,334,P0,50.0,7.46,9.84,50.0,0.45,99.9,,0,0,,
1794.4,03:44:48,0,0,58,58,47.90,847,3004,334,P2,53.0,7.49,9.84,53.0,0.45,100.0,,0,0,,
1795.5,03:44:49,0,0,57,57,46.56,847,3004,334,P2,53.0,7.49,9.84,52.0,0.45,100.0,,0,0,,
1796.5,03:44:50,0,0,56,56,46.50,847,3004,334,P2,53.0,7.56,9.84,53.0,0.45,99.9,,0,0,,
1797.6,03:44:51,69,35,60,54,122.32,1163,3004,1423,P2,54.0,7.64,10.09,53.0,0.45,100.0,,0,0,,
1798.6,03:44:52,100,50,63,52,146.93,1177,3004,1423,P2,54.0,7.4,10.09,53.0,0.45,100.0,,0,0,,
1799.7,03:44:53,100,50,63,50,150.17,1177,3004,1423,P2,52.0,7.41,10.09,52.0,0.45,100.0,,0,0,,
1800.8,03:44:54,100,50,64,49,150.42,1177,3004,1423,P2,54.0,7.38,10.09,53.0,0.45,100.0,,0,0,,
1801.9,03:44:55,100,50,64,49,150.14,1177,3004,1423,P2,53.0,7.39,10.09,53.0,0.45,100.0,,0,0,,
1802.9,03:44:56,100,50,64,51,150.61,1177,3004,1423,P2,52.0,7.38,10.17,52.0,0.45,100.0,,0,0,,
1804.0,03:44:58,100,50,64,53,150.55,1177,3004,1423,P2,53.0,7.4,10.17,53.0,0.45,100.0,,0,0,,
1805.1,03:44:59,100,50,65,54,150.93,1177,3004,1423,P2,51.0,7.39,10.17,52.0,0.45,100.0,,0,0,,
1806.1,03:45:00,100,50,65,55,151.32,1177,3004,1423,P2,52.0,7.41,10.17,53.0,0.45,100.0,,0,0,,
1807.2,03:45:01,100,58,65,56,150.92,1177,3004,1423,P2,52.0,7.35,10.23,52.0,0.45,100.0,,0,0,,
1808.3,03:45:02,100,59,65,57,150.95,1177,3004,1423,P2,53.0,7.35,10.23,53.0,0.45,100.0,,0,0,,
1809.3,03:45:03,100,50,65,57,151.34,1177,3004,1423,P2,54.0,7.36,10.23,54.0,0.45,100.0,,0,0,,
1810.4,03:45:04,100,50,65,57,151.08,1177,3004,1423,P2,53.0,7.36,10.23,52.0,0.45,100.0,,0,0,,
1811.5,03:45:05,100,50,65,58,150.93,1177,3004,1423,P2,53.0,7.36,10.23,53.0,0.45,100.0,,0,0,,
1812.6,03:45:06,100,50,65,58,151.17,1177,3004,1423,P2,51.0,7.36,10.21,51.0,0.45,100.0,,0,0,,
1813.6,03:45:07,100,50,65,58,151.02,1177,3004,1423,P2,52.0,7.37,10.21,52.0,0.45,100.0,,0,0,,
1814.7,03:45:08,100,50,65,58,151.21,1177,3004,1423,P2,52.0,7.36,10.21,52.0,0.45,100.0,,0,0,,
1815.8,03:45:09,100,50,65,58,151.04,1177,3004,1423,P2,54.0,7.38,10.21,54.0,0.45,100.0,,0,0,,
1816.8,03:45:10,100,49,65,58,150.83,1177,3004,1423,P2,54.0,7.41,10.21,54.0,0.45,100.0,,0,0,,
1817.9,03:45:11,100,50,66,58,151.08,1177,3004,1423,P2,53.0,7.42,10.2,53.0,0.45,100.0,,0,0,,
1819.0,03:45:12,99,59,65,58,150.74,1177,3004,1423,P2,53.0,7.41,10.2,53.0,0.45,100.0,,0,0,,
1820.0,03:45:14,100,50,65,58,150.51,1177,3004,1423,P2,54.0,7.4,10.2,54.0,0.45,100.0,,0,0,,
1821.1,03:45:15,100,50,65,58,150.82,1177,3004,1423,P2,53.0,7.39,10.2,52.0,0.45,100.0,,0,0,,
1822.2,03:45:16,100,50,65,58,150.79,1177,3004,1423,P2,53.0,7.4,10.2,53.0,0.45,100.0,,0,0,,
1823.2,03:45:17,100,50,66,59,151.27,1177,3004,1423,P2,53.0,7.38,10.34,53.0,0.45,100.0,,0,0,,
1824.3,03:45:18,100,50,65,60,151.36,1177,3004,1423,P2,54.0,7.37,10.34,55.0,0.45,100.0,,0,0,,
1825.4,03:45:19,100,50,66,60,151.20,1177,3004,1423,P2,52.0,7.37,10.34,52.0,0.45,100.0,,0,0,,
1826.4,03:45:20,100,50,65,60,151.17,1177,3004,1423,P2,53.0,7.34,10.34,54.0,0.45,100.0,,0,0,,
1827.5,03:45:21,100,50,66,60,151.36,1177,3004,1423,P2,53.0,7.35,10.31,53.0,0.45,100.0,,0,0,,
1828.6,03:45:22,100,59,66,61,151.40,1177,3004,1423,P2,50.0,7.35,10.31,50.0,0.45,100.0,,0,0,,
1829.6,03:45:23,100,58,65,61,151.55,1177,3004,1423,P2,53.0,7.33,10.31,53.0,0.45,100.0,,0,0,,
1830.7,03:45:24,100,50,65,61,151.56,1177,3004,1423,P2,54.0,7.36,10.31,54.0,0.45,100.0,,0,0,,
1831.8,03:45:25,100,50,65,61,151.02,1177,3004,1423,P2,51.0,7.36,10.31,52.0,0.45,99.9,,0,0,,
1832.8,03:45:26,100,50,66,61,151.71,1177,3004,1423,P2,54.0,7.37,10.29,53.0,0.45,99.8,,0,0,,
1833.9,03:45:27,100,50,66,61,151.21,1177,3004,1423,P2,52.0,7.35,10.29,52.0,0.45,100.0,,0,0,,
1835.0,03:45:28,100,50,66,61,151.40,1177,3004,1423,P2,54.0,7.38,10.29,54.0,0.45,100.0,,0,0,,
1836.0,03:45:30,100,50,65,61,150.98,1177,3004,1423,P2,52.0,7.4,10.29,53.0,0.45,100.0,,0,0,,
1837.1,03:45:31,100,49,66,61,151.15,1177,3004,1423,P2,51.0,7.37,10.29,53.0,0.45,100.0,,0,0,,
1838.2,03:45:32,100,49,66,61,151.12,1177,3004,1423,P2,53.0,7.38,10.35,53.0,0.45,100.0,,0,0,,
1839.2,03:45:33,100,53,66,61,151.30,1177,3004,1423,P2,54.0,7.36,10.35,54.0,0.45,100.0,,0,0,,
1840.3,03:45:34,100,50,66,61,150.01,1177,3004,1423,P2,53.0,7.36,10.35,53.0,0.45,100.0,,0,0,,
1841.4,03:45:35,100,50,66,61,151.18,1177,3004,1423,P2,54.0,7.35,10.35,53.0,0.45,100.0,,0,0,,
1842.4,03:45:36,100,50,66,61,150.74,1177,3004,1423,P2,54.0,7.36,10.48,54.0,0.45,100.0,,0,0,,
1843.5,03:45:37,100,50,66,61,151.36,1177,3004,1423,P2,54.0,7.34,10.48,54.0,0.45,100.0,,0,0,,
1844.6,03:45:38,100,50,66,61,151.40,1177,3004,1423,P2,53.0,7.36,10.48,53.0,0.45,100.0,,0,0,,
1845.6,03:45:39,100,50,66,61,151.49,1177,3004,1423,P2,52.0,7.35,10.48,53.0,0.45,100.0,,0,0,,
1846.7,03:45:40,100,50,66,61,150.83,1177,3004,1423,P2,53.0,7.37,10.48,53.0,0.45,100.0,,0,0,,
1847.8,03:45:41,100,56,66,61,151.12,1177,3004,1423,P2,50.0,7.36,10.44,50.0,0.45,100.0,,0,0,,
1848.8,03:45:42,100,59,66,61,151.36,1177,3004,1423,P2,54.0,7.35,10.44,52.0,0.45,100.0,,0,0,,
1849.9,03:45:43,100,50,66,61,151.39,1177,3004,1423,P2,53.0,7.35,10.44,52.0,0.45,100.0,,0,0,,
1851.0,03:45:44,100,51,65,61,151.27,1177,3004,1423,P2,51.0,7.36,10.44,52.0,0.45,99.6,,0,0,,
1852.0,03:45:46,100,50,66,61,151.12,1177,3004,1423,P2,52.0,7.37,10.44,52.0,0.45,100.0,,0,0,,
1853.1,03:45:47,100,50,66,61,151.12,1177,3004,1423,P2,54.0,7.38,10.4,53.0,0.45,100.0,,0,0,,
1854.2,03:45:48,100,50,66,61,151.02,1177,3004,1423,P2,54.0,7.39,10.4,53.0,0.45,100.0,,0,0,,
1855.2,03:45:49,100,50,65,61,151.27,1177,3004,1423,P2,54.0,7.39,10.4,54.0,0.45,100.0,,0,0,,
1856.3,03:45:50,100,50,66,61,150.83,1177,3004,1423,P2,53.0,7.39,10.4,52.0,0.45,100.0,,0,0,,
1857.3,03:45:51,100,50,66,61,151.59,1177,3004,1423,P2,53.0,7.38,10.37,54.0,0.45,100.0,,0,0,,
1858.4,03:45:52,99,58,66,61,151.36,1177,3004,1423,P2,54.0,7.4,10.37,54.0,0.45,100.0,,0,0,,
1859.5,03:45:53,100,51,66,61,151.55,1177,3004,1423,P2,54.0,7.37,10.37,55.0,0.45,100.0,,0,0,,
1860.5,03:45:54,100,50,66,61,151.36,1177,3004,1423,P2,54.0,7.38,10.37,53.0,0.45,100.0,,0,0,,
1861.6,03:45:55,100,50,66,61,151.64,1177,3004,1423,P2,53.0,7.38,10.37,53.0,0.45,100.0,,0,0,,
1862.7,03:45:56,100,50,66,61,151.40,1177,3004,1423,P2,54.0,7.38,10.5,53.0,0.45,100.0,,0,0,,
1863.7,03:45:57,100,50,66,61,150.89,1177,3004,1423,P2,53.0,7.38,10.5,50.0,0.45,100.0,,0,0,,
1864.8,03:45:58,100,50,66,61,151.17,1177,3004,1423,P2,54.0,7.36,10.5,54.0,0.45,100.0,,0,0,,
1865.9,03:45:59,100,50,66,61,151.30,1177,3004,1423,P2,53.0,7.37,10.5,53.0,0.45,100.0,,0,0,,
1866.9,03:46:00,100,50,66,61,151.20,1177,3004,1423,P2,53.0,7.37,10.5,53.0,0.45,100.0,,0,0,,
1868.0,03:46:02,100,59,66,61,151.27,1177,3004,1423,P2,54.0,7.38,10.46,54.0,0.45,100.0,,0,0,,
1869.0,03:46:03,100,59,66,61,151.36,1177,3004,1423,P2,52.0,7.34,10.46,53.0,0.45,100.0,,0,0,,
1870.1,03:46:04,100,50,65,61,151.44,1177,3004,1423,P2,52.0,7.37,10.46,52.0,0.45,99.9,,0,0,,
1871.2,03:46:05,100,50,66,61,151.55,1177,3004,1423,P2,53.0,7.44,10.46,53.0,0.45,100.0,,0,0,,
1872.2,03:46:06,100,50,66,61,151.21,1177,3004,1425,P2,53.0,7.48,10.99,53.0,0.45,100.0,,0,0,,
1873.3,03:46:07,100,50,66,61,151.49,1177,3004,1425,P2,54.0,7.44,10.99,54.0,0.45,100.0,,0,0,,
1874.4,03:46:08,100,49,66,61,150.20,1177,3004,1425,P2,53.0,7.48,10.99,53.0,0.45,100.0,,0,0,,
1875.4,03:46:09,100,50,66,61,151.78,1177,3004,1425,P2,54.0,7.45,10.99,54.0,0.45,100.0,,0,0,,
1876.5,03:46:10,100,49,66,61,150.73,1177,3004,1424,P2,54.0,7.45,10.99,54.0,0.45,100.0,,0,0,,
1877.6,03:46:11,100,50,65,61,151.20,1177,3004,1424,P2,50.0,7.45,11.47,50.0,0.45,100.0,,0,0,,
1878.6,03:46:12,100,59,66,61,151.17,1177,3004,1424,P2,54.0,7.46,11.47,54.0,0.45,100.0,,0,0,,
1879.7,03:46:13,100,50,65,61,151.44,1177,3004,1424,P2,52.0,7.47,11.47,52.0,0.45,100.0,,0,0,,
1880.7,03:46:14,100,50,66,61,151.27,1177,3004,1424,P2,54.0,7.45,11.47,53.0,0.45,100.0,,0,0,,
1881.8,03:46:15,100,50,66,61,151.20,1177,3004,1424,P2,53.0,7.47,11.47,53.0,0.45,100.0,,0,0,,
1882.9,03:46:16,100,50,66,61,151.36,1177,3004,1424,P2,55.0,7.42,11.59,55.0,0.45,99.9,,0,0,,
1883.9,03:46:17,100,50,66,61,151.12,1177,3004,1424,P2,53.0,7.44,11.59,53.0,0.45,99.9,,0,0,,
1885.0,03:46:19,100,50,66,61,151.46,1177,3004,1424,P2,53.0,7.45,11.59,53.0,0.45,100.0,,0,0,,
1886.1,03:46:20,100,50,66,61,151.46,1177,3004,1424,P2,53.0,7.41,11.59,54.0,0.45,99.6,,0,0,,
1887.1,03:46:21,100,50,66,61,151.30,1177,3004,1424,P2,54.0,7.42,11.59,54.0,0.45,100.0,,0,0,,
1888.2,03:46:22,100,59,66,61,151.30,1177,3004,1424,P2,54.0,7.44,11.7,53.0,0.45,100.0,,0,0,,
1889.3,03:46:23,100,59,66,61,151.40,1177,3004,1424,P2,54.0,7.45,11.7,54.0,0.45,100.0,,0,0,,
1890.3,03:46:24,100,50,65,61,151.30,1177,3004,1424,P2,53.0,7.44,11.7,53.0,0.45,100.0,,0,0,,
1891.4,03:46:25,100,50,66,61,151.17,1177,3004,1424,P2,52.0,7.43,11.7,52.0,0.45,100.0,,0,0,,
1892.5,03:46:26,100,50,66,61,151.17,1177,3004,1424,P2,55.0,7.43,11.57,54.0,0.45,100.0,,0,0,,
1893.5,03:46:27,100,50,66,61,151.11,1177,3004,1424,P2,53.0,7.42,11.57,53.0,0.45,100.0,,0,0,,
1894.6,03:46:28,100,50,66,61,151.21,1177,3004,1424,P2,53.0,7.45,11.57,54.0,0.45,100.0,,0,0,,
1895.7,03:46:29,100,50,66,61,151.36,1177,3004,1424,P2,53.0,7.43,11.57,53.0,0.45,100.0,,0,0,,
1896.8,03:46:30,100,50,66,61,151.49,1177,3004,1424,P2,52.0,7.44,11.57,51.0,0.45,100.0,,0,0,,
1897.8,03:46:31,100,50,66,61,151.58,1177,3004,1424,P2,54.0,7.44,11.44,54.0,0.45,99.8,,0,0,,
1898.9,03:46:32,100,49,66,61,150.96,1177,3004,1424,P2,54.0,7.42,11.44,54.0,0.45,100.0,,0,0,,
1900.0,03:46:34,100,59,66,61,151.46,1177,3004,1424,P2,54.0,7.43,11.44,54.0,0.45,100.0,,0,0,,
1901.0,03:46:35,100,50,66,61,151.78,1177,3004,1424,P2,53.0,7.41,11.44,53.0,0.45,100.0,,0,0,,
1902.1,03:46:36,100,50,66,61,151.36,1177,3004,1424,P2,53.0,7.4,11.44,54.0,0.45,100.0,,0,0,,
1903.2,03:46:37,100,50,66,61,151.27,1177,3004,1422,P2,53.0,7.4,11.33,53.0,0.45,100.0,,0,0,,
1904.2,03:46:38,100,50,66,61,150.79,1177,3004,1422,P2,54.0,7.41,11.33,54.0,0.45,100.0,,0,0,,
1905.3,03:46:39,100,50,66,61,151.30,1177,3004,1422,P2,52.0,7.4,11.33,52.0,0.45,100.0,,0,0,,
1906.4,03:46:40,100,49,66,61,151.08,1177,3004,1422,P2,54.0,7.42,11.33,54.0,0.45,100.0,,0,0,,
1907.4,03:46:41,100,50,66,61,151.49,1177,3004,1422,P2,53.0,7.4,11.22,53.0,0.45,100.0,,0,0,,
1908.5,03:46:42,100,49,66,61,151.64,1177,3004,1422,P2,53.0,7.41,11.22,53.0,0.45,99.9,,0,0,,
1909.6,03:46:43,100,59,66,61,151.27,1177,3004,1422,P2,54.0,7.43,11.22,53.0,0.45,100.0,,0,0,,
1910.6,03:46:44,100,54,66,61,151.55,1177,3004,1422,P2,52.0,7.42,11.22,52.0,0.45,100.0,,0,0,,
1911.7,03:46:45,100,50,66,61,151.36,1177,3004,1422,P2,51.0,7.46,11.22,51.0,0.45,100.0,,0,0,,
1912.8,03:46:46,100,50,66,61,151.08,1177,3004,1422,P2,54.0,7.46,11.2,52.0,0.45,99.6,,0,0,,
1913.8,03:46:47,100,50,66,61,151.46,1177,3004,1422,P2,54.0,7.46,11.2,54.0,0.45,100.0,,0,0,,
1914.9,03:46:48,100,50,66,61,150.98,1177,3004,1422,P2,52.0,7.45,11.2,52.0,0.45,100.0,,0,0,,
1915.9,03:46:49,100,50,66,61,151.46,1177,3004,1422,P2,52.0,7.44,11.2,52.0,0.45,100.0,,0,0,,
1917.0,03:46:51,100,50,66,61,151.27,1177,3004,1422,P2,53.0,7.43,11.2,53.0,0.45,100.0,,0,0,,
1918.1,03:46:52,100,49,66,61,151.30,1177,3004,1422,P2,54.0,7.44,11.1,53.0,0.45,100.0,,0,0,,
1919.1,03:46:53,99,51,66,61,150.74,1177,3004,1422,P2,48.0,7.42,11.1,50.0,0.45,100.0,,0,0,,
1920.2,03:46:54,100,50,65,61,151.30,1177,3004,1422,P2,53.0,7.46,11.1,53.0,0.45,100.0,,0,0,,
1921.3,03:46:55,100,50,66,61,151.55,1177,3004,1422,P2,52.0,7.45,11.1,52.0,0.45,99.9,,0,0,,
1922.4,03:46:56,100,50,66,61,151.46,1177,3004,1422,P2,52.0,7.44,11.02,52.0,0.45,100.0,,0,0,,
1923.4,03:46:57,100,50,66,61,151.20,1177,3004,1422,P2,53.0,7.45,11.02,53.0,0.45,100.0,,0,0,,
1924.5,03:46:58,100,50,66,61,151.54,1177,3004,1422,P2,53.0,7.43,11.02,53.0,0.45,100.0,,0,0,,
1925.6,03:46:59,100,50,66,61,151.32,1177,3004,1422,P2,53.0,7.43,11.02,53.0,0.45,99.9,,0,0,,
1926.6,03:47:00,100,49,65,61,150.51,1177,3004,1422,P2,52.0,7.43,11.02,53.0,0.45,100.0,,0,0,,
1927.7,03:47:01,100,50,66,61,151.27,1177,3004,1422,P2,53.0,7.43,10.93,53.0,0.45,100.0,,0,0,,
1928.8,03:47:02,100,57,66,61,151.30,1177,3004,1422,P2,55.0,7.41,10.93,53.0,0.45,100.0,,0,0,,
1929.9,03:47:03,100,58,66,61,151.21,1177,3004,1422,P2,52.0,7.4,10.93,52.0,0.45,100.0,,0,0,,
1930.9,03:47:04,100,50,66,61,151.67,1177,3004,1422,P2,53.0,7.41,10.93,54.0,0.45,100.0,,0,0,,
1932.0,03:47:06,100,50,66,61,151.55,1177,3004,1422,P2,53.0,7.41,10.93,53.0,0.45,100.0,,0,0,,
1933.0,03:47:07,100,50,66,61,151.46,1177,3004,1422,P2,54.0,7.4,10.94,54.0,0.45,100.0,,0,0,,
1934.1,03:47:08,100,50,66,61,151.64,1177,3004,1422,P2,52.0,7.41,10.94,54.0,0.45,100.0,,0,0,,
1935.2,03:47:09,100,50,66,61,150.79,1177,3004,1422,P2,54.0,7.41,10.94,54.0,0.45,100.0,,0,0,,
1936.2,03:47:10,100,50,66,61,151.01,1177,3004,1422,P2,52.0,7.38,10.94,52.0,0.45,100.0,,0,0,,
1937.3,03:47:11,100,49,66,61,150.86,1177,3004,1422,P2,54.0,7.4,10.86,54.0,0.45,100.0,,0,0,,
1938.4,03:47:12,100,50,66,61,151.27,1177,3004,1422,P2,52.0,7.4,10.86,51.0,0.45,100.0,,0,0,,
1939.4,03:47:13,100,58,66,61,150.92,1177,3004,1422,P2,54.0,7.41,10.86,54.0,0.45,100.0,,0,0,,
1940.5,03:47:14,100,50,66,61,150.83,1177,3004,1422,P2,52.0,7.39,10.86,52.0,0.45,100.0,,0,0,,
1941.5,03:47:15,100,50,66,61,150.60,1177,3004,1422,P2,54.0,7.41,10.86,54.0,0.45,100.0,,0,0,,
1942.6,03:47:16,100,50,66,61,151.30,1177,3004,1422,P2,53.0,7.42,10.79,53.0,0.45,100.0,,0,0,,
1943.7,03:47:17,100,50,66,61,151.08,1177,3004,1422,P2,52.0,7.44,10.79,52.0,0.45,99.6,,0,0,,
1944.7,03:47:18,100,50,66,61,151.46,1177,3004,1422,P2,51.0,7.42,10.79,53.0,0.45,100.0,,0,0,,
1945.8,03:47:19,100,50,66,61,151.01,1177,3004,1422,P2,51.0,7.42,10.79,51.0,0.45,100.0,,0,0,,
1946.9,03:47:20,100,50,66,61,151.20,1177,3004,1422,P2,54.0,7.4,10.79,54.0,0.45,100.0,,0,0,,
1947.9,03:47:21,100,50,66,61,151.15,1177,3004,1422,P2,55.0,7.41,10.73,54.0,0.45,100.0,,0,0,,
1949.0,03:47:23,100,58,66,61,151.15,1177,3004,1422,P2,50.0,7.4,10.73,50.0,0.45,100.0,,0,0,,
1950.0,03:47:24,100,59,66,61,151.02,1177,3004,1422,P2,54.0,7.4,10.73,54.0,0.45,100.0,,0,0,,
1951.1,03:47:25,100,50,66,61,150.93,1177,3004,1422,P2,49.0,7.41,10.73,54.0,0.45,100.0,,0,0,,
1952.2,03:47:26,100,50,66,61,151.36,1177,3004,1422,P2,55.0,7.42,10.73,55.0,0.45,99.9,,0,0,,
1953.3,03:47:27,100,50,66,61,151.12,1177,3004,1422,P2,54.0,7.42,10.91,53.0,0.45,100.0,,0,0,,
1954.3,03:47:28,100,50,66,61,151.02,1177,3004,1422,P2,53.0,7.43,10.91,54.0,0.45,100.0,,0,0,,
1955.4,03:47:29,100,50,66,61,151.30,1177,3004,1422,P2,53.0,7.39,10.91,54.0,0.45,100.0,,0,0,,
1956.5,03:47:30,100,50,66,61,151.36,1177,3004,1422,P2,53.0,7.38,10.91,54.0,0.45,100.0,,0,0,,
1957.5,03:47:31,100,50,66,61,151.36,1177,3004,1422,P2,53.0,7.4,10.84,53.0,0.45,100.0,,0,0,,
1958.6,03:47:32,100,49,66,61,151.27,1177,3004,1422,P2,54.0,7.43,10.84,53.0,0.45,99.9,,0,0,,
1959.7,03:47:33,99,58,66,61,150.79,1177,3004,1422,P2,54.0,7.42,10.84,54.0,0.45,100.0,,0,0,,
1960.7,03:47:34,100,59,66,61,150.26,1177,3004,1422,P2,55.0,7.42,10.84,54.0,0.45,100.0,,0,0,,
1961.8,03:47:35,100,50,66,61,150.86,1177,3004,1422,P2,54.0,7.43,10.84,53.0,0.45,100.0,,0,0,,
1962.9,03:47:36,100,51,66,61,151.49,1177,3004,1422,P2,52.0,7.44,10.93,52.0,0.45,100.0,,0,0,,
1963.9,03:47:37,100,50,66,61,151.15,1177,3004,1422,P2,53.0,7.45,10.93,53.0,0.45,100.0,,0,0,,
1965.0,03:47:39,100,50,66,61,151.12,1177,3004,1422,P2,53.0,7.44,10.93,53.0,0.45,100.0,,0,0,,
1966.1,03:47:40,100,50,66,61,151.08,1177,3004,1422,P2,53.0,7.43,10.93,53.0,0.45,100.0,,0,0,,
1967.1,03:47:41,100,50,66,61,151.17,1177,3004,1422,P2,54.0,7.38,10.93,54.0,0.45,100.0,,0,0,,
1968.2,03:47:42,100,49,66,61,150.98,1177,3004,1422,P2,52.0,7.38,10.94,52.0,0.45,99.9,,0,0,,
1969.3,03:47:43,100,49,66,61,151.12,1177,3004,1422,P2,53.0,7.39,10.94,53.0,0.45,100.0,,0,0,,
1970.3,03:47:44,100,52,66,61,151.17,1177,3004,1422,P2,54.0,7.41,10.94,53.0,0.45,100.0,,0,0,,
1971.4,03:47:45,100,50,66,61,150.89,1177,3004,1422,P2,54.0,7.41,10.94,54.0,0.45,100.0,,0,0,,
1972.5,03:47:46,100,50,66,61,151.46,1177,3004,1422,P2,54.0,7.41,10.86,54.0,0.45,100.0,,0,0,,
1973.5,03:47:47,100,50,66,61,151.45,1177,3004,1422,P2,54.0,7.4,10.86,54.0,0.45,100.0,,0,0,,
1974.6,03:47:48,100,50,66,61,151.26,1177,3004,1422,P2,52.0,7.41,10.86,52.0,0.45,100.0,,0,0,,
1975.7,03:47:49,100,50,66,61,151.17,1177,3004,1422,P2,52.0,7.42,10.86,52.0,0.45,100.0,,0,0,,
1976.7,03:47:50,100,50,66,61,151.55,1177,3004,1422,P2,53.0,7.45,10.86,54.0,0.45,100.0,,0,0,,
1977.8,03:47:51,100,50,66,61,151.55,1177,3004,1422,P2,53.0,7.41,10.79,53.0,0.45,100.0,,0,0,,
1978.9,03:47:52,100,55,66,61,151.30,1177,3004,1422,P2,53.0,7.41,10.79,53.0,0.45,100.0,,0,0,,
1979.9,03:47:53,100,59,66,61,151.30,1177,3004,1422,P2,53.0,7.4,10.79,54.0,0.45,100.0,,0,0,,
1981.0,03:47:55,100,50,66,61,151.71,1177,3004,1422,P2,54.0,7.39,10.79,53.0,0.45,99.9,,0,0,,
1982.1,03:47:56,100,50,66,61,151.52,1177,3004,1422,P2,54.0,7.38,10.79,52.0,0.45,100.0,,0,0,,
1983.1,03:47:57,100,50,66,61,151.36,1177,3004,1422,P2,53.0,7.4,10.73,54.0,0.45,100.0,,0,0,,
1984.2,03:47:58,100,50,65,61,150.98,1177,3004,1422,P2,54.0,7.41,10.73,54.0,0.45,100.0,,0,0,,
1985.3,03:47:59,100,50,66,61,151.54,1177,3004,1422,P2,54.0,7.43,10.73,54.0,0.45,100.0,,0,0,,
1986.3,03:48:00,100,49,66,61,150.98,1177,3004,1422,P2,55.0,7.41,10.73,55.0,0.45,99.9,,0,0,,
1987.4,03:48:01,100,50,66,61,151.20,1177,3004,1422,P2,53.0,7.41,10.83,53.0,0.45,100.0,,0,0,,
1988.5,03:48:02,100,50,66,61,151.49,1177,3004,1422,P2,53.0,7.41,10.83,53.0,0.45,100.0,,0,0,,
1989.5,03:48:03,100,58,66,61,151.36,1177,3004,1422,P2,55.0,7.41,10.83,55.0,0.45,100.0,,0,0,,
1990.6,03:48:04,100,51,66,61,151.02,1177,3004,1422,P2,52.0,7.39,10.83,52.0,0.45,100.0,,0,0,,
1991.7,03:48:05,100,50,66,61,150.98,1177,3004,1422,P2,54.0,7.39,10.83,54.0,0.45,100.0,,0,0,,
1992.7,03:48:06,100,50,66,61,151.12,1177,3004,1422,P2,50.0,7.41,10.77,50.0,0.45,100.0,,0,0,,
1993.8,03:48:07,100,50,66,61,151.40,1177,3004,1422,P2,54.0,7.41,10.77,54.0,0.45,100.0,,0,0,,
1994.9,03:48:08,100,50,66,61,151.64,1177,3004,1422,P2,52.0,7.42,10.77,52.0,0.45,100.0,,0,0,,
1995.9,03:48:09,100,50,66,61,151.86,1177,3004,1422,P2,53.0,7.41,10.77,53.0,0.45,100.0,,0,0,,
1997.0,03:48:11,100,50,66,61,151.43,1177,3004,1422,P2,52.0,7.41,10.77,52.0,0.45,100.0,,0,0,,
1998.1,03:48:12,100,50,66,61,151.08,1177,3004,1422,P2,53.0,7.4,10.78,53.0,0.45,100.0,,0,0,,
1999.1,03:48:13,100,50,66,61,151.58,1177,3004,1422,P2,52.0,7.36,10.78,52.0,0.45,100.0,,0,0,,
2000.2,03:48:14,99,58,66,61,151.27,1177,3004,1422,P2,53.0,7.36,10.78,53.0,0.45,100.0,,0,0,,
2001.3,03:48:15,100,50,66,61,151.40,1177,3004,1422,P2,53.0,7.35,10.78,52.0,0.45,100.0,,0,0,,
2002.3,03:48:16,100,50,66,61,151.55,1177,3004,1422,P2,54.0,7.38,10.72,54.0,0.45,99.9,,0,0,,
2003.4,03:48:17,100,50,66,61,151.36,1177,3004,1422,P2,53.0,7.41,10.72,53.0,0.45,100.0,,0,0,,
2004.5,03:48:18,100,50,66,61,151.30,1177,3004,1422,P2,53.0,7.39,10.72,53.0,0.45,100.0,,0,0,,
2005.6,03:48:19,100,50,66,61,151.93,1177,3004,1422,P2,53.0,7.38,10.72,54.0,0.45,100.0,,0,0,,
2006.6,03:48:20,100,50,66,61,150.89,1177,3004,1422,P2,55.0,7.4,10.72,55.0,0.45,100.0,,0,0,,
2007.7,03:48:21,100,50,66,61,151.83,1177,3004,1422,P2,53.0,7.36,10.66,54.0,0.45,100.0,,0,0,,
2008.8,03:48:22,100,50,66,61,151.83,1177,3004,1422,P2,52.0,7.36,10.66,53.0,0.45,100.0,,0,0,,
2009.9,03:48:23,100,50,66,61,151.36,1177,3004,1422,P2,54.0,7.36,10.66,53.0,0.45,100.0,,0,0,,
2010.9,03:48:24,99,58,66,61,151.36,1177,3004,1422,P2,53.0,7.38,10.66,53.0,0.45,100.0,,0,0,,
2012.0,03:48:26,100,50,66,61,151.49,1177,3004,1422,P2,55.0,7.39,10.66,55.0,0.45,100.0,,0,0,,
2013.1,03:48:27,100,50,66,61,151.46,1177,3004,1422,P2,53.0,7.41,10.69,54.0,0.45,100.0,,0,0,,
2014.1,03:48:28,100,50,66,61,151.08,1177,3004,1422,P2,53.0,7.4,10.69,54.0,0.45,100.0,,0,0,,
2015.2,03:48:29,100,50,66,61,151.82,1177,3004,1422,P2,52.0,7.4,10.69,53.0,0.45,100.0,,0,0,,
2016.2,03:48:30,100,50,66,61,150.89,1177,3004,1422,P2,55.0,7.4,10.69,55.0,0.45,100.0,,0,0,,
2017.3,03:48:31,100,50,66,61,150.70,1177,3004,1422,P2,53.0,7.4,10.8,52.0,0.45,100.0,,0,0,,
2018.4,03:48:32,100,50,66,61,150.70,1177,3004,1422,P2,53.0,7.38,10.8,53.0,0.45,99.9,,0,0,,
2019.4,03:48:33,100,50,66,61,151.08,1177,3004,1422,P2,53.0,7.4,10.8,53.0,0.45,100.0,,0,0,,
2020.5,03:48:34,100,59,66,61,150.98,1177,3004,1422,P2,54.0,7.39,10.8,54.0,0.45,100.0,,0,0,,
2021.6,03:48:35,100,59,66,61,151.36,1177,3004,1422,P2,54.0,7.4,10.8,54.0,0.45,99.9,,0,0,,
2022.7,03:48:36,100,50,66,61,150.51,1177,3004,1422,P2,53.0,7.38,10.73,53.0,0.45,100.0,,0,0,,
2023.7,03:48:37,100,50,66,61,151.17,1177,3004,1422,P2,53.0,7.4,10.73,53.0,0.45,100.0,,0,0,,
2024.8,03:48:38,100,50,66,61,151.08,1177,3004,1422,P2,52.0,7.42,10.73,52.0,0.45,100.0,,0,0,,
2025.9,03:48:39,100,51,66,61,151.77,1177,3004,1422,P2,53.0,7.4,10.73,53.0,0.45,100.0,,0,0,,
2027.0,03:48:40,100,50,66,61,151.27,1177,3004,1422,P2,54.0,7.39,10.73,53.0,0.45,100.0,,0,0,,
2028.0,03:48:42,100,50,66,61,151.17,1177,3004,1422,P2,49.0,7.39,10.67,49.0,0.45,100.0,,0,0,,
2029.1,03:48:43,100,50,66,61,151.17,1177,3004,1422,P2,53.0,7.39,10.67,52.0,0.45,100.0,,0,0,,
2030.2,03:48:44,100,49,66,61,150.92,1177,3004,1422,P2,54.0,7.38,10.67,54.0,0.45,100.0,,0,0,,
2031.2,03:48:45,100,49,66,61,151.30,1177,3004,1422,P2,53.0,7.38,10.67,53.0,0.45,100.0,,0,0,,
2032.3,03:48:46,100,55,66,61,151.02,1177,3004,1422,P2,53.0,7.39,10.62,53.0,0.45,100.0,,0,0,,
2033.4,03:48:47,100,50,66,61,151.08,1177,3004,1422,P2,55.0,7.41,10.62,54.0,0.45,100.0,,0,0,,
2034.4,03:48:48,100,50,66,61,151.36,1177,3004,1422,P2,54.0,7.4,10.62,53.0,0.45,100.0,,0,0,,
2035.5,03:48:49,100,50,66,61,151.36,1177,3004,1422,P2,51.0,7.41,10.62,51.0,0.45,100.0,,0,0,,
2036.6,03:48:50,100,50,66,61,151.36,1177,3004,1422,P2,54.0,7.4,10.62,54.0,0.45,100.0,,0,0,,
2037.6,03:48:51,100,50,66,61,151.54,1177,3004,1422,P2,54.0,7.42,10.65,54.0,0.45,100.0,,0,0,,
2038.7,03:48:52,100,50,66,61,151.49,1177,3004,1422,P2,56.0,7.39,10.65,56.0,0.45,100.0,,0,0,,
2039.8,03:48:53,100,50,66,61,151.39,1177,3004,1422,P2,54.0,7.39,10.65,52.0,0.45,100.0,,0,0,,
2040.8,03:48:54,100,50,66,61,151.46,1177,3004,1422,P2,53.0,7.41,10.65,54.0,0.45,100.0,,0,0,,
2041.9,03:48:55,100,52,66,61,150.89,1189,3004,1422,P2,53.0,7.42,10.65,53.0,0.45,100.0,,0,0,,
2043.0,03:48:56,100,50,66,61,151.83,1177,3004,1422,P2,55.0,7.44,10.6,54.0,0.45,100.0,,0,0,,
2044.0,03:48:58,100,50,66,61,151.34,1177,3004,1422,P2,54.0,7.45,10.6,54.0,0.45,100.0,,0,0,,
2045.1,03:48:59,100,50,65,61,151.46,1177,3004,1422,P2,53.0,7.43,10.6,52.0,0.45,100.0,,0,0,,
2046.2,03:49:00,100,51,66,61,151.27,1177,3004,1422,P2,53.0,7.42,10.6,53.0,0.45,100.0,,0,0,,
2047.2,03:49:01,100,50,66,61,151.93,1177,3004,1422,P2,51.0,7.42,10.6,51.0,0.45,100.0,,0,0,,
2048.3,03:49:02,100,50,66,61,151.82,1177,3004,1422,P2,54.0,7.4,10.63,54.0,0.45,99.9,,0,0,,
2049.4,03:49:03,100,50,66,61,151.67,1177,3004,1422,P2,55.0,7.42,10.63,55.0,0.45,100.0,,0,0,,
2050.4,03:49:04,100,50,66,61,151.17,1177,3004,1422,P2,54.0,7.45,10.63,53.0,0.45,100.0,,0,0,,
2051.5,03:49:05,99,52,66,61,150.86,1177,3004,1422,P2,54.0,7.44,10.63,55.0,0.45,99.9,,0,0,,
2052.6,03:49:06,100,50,66,61,151.46,1177,3004,1422,P2,50.0,7.45,10.58,50.0,0.45,100.0,,0,0,,
2053.6,03:49:07,100,50,66,61,151.36,1177,3004,1422,P2,51.0,7.42,10.58,52.0,0.45,100.0,,0,0,,
2054.7,03:49:08,100,50,66,61,151.17,1177,3004,1422,P2,53.0,7.4,10.58,52.0,0.45,100.0,,0,0,,
2055.7,03:49:09,100,50,66,61,151.16,1177,3004,1422,P2,52.0,7.41,10.58,54.0,0.45,100.0,,0,0,,
2056.8,03:49:10,100,50,66,61,151.55,1177,3004,1422,P2,53.0,7.44,10.58,53.0,0.45,100.0,,0,0,,
2057.9,03:49:11,100,50,66,61,150.79,1177,3004,1422,P2,53.0,7.43,10.53,54.0,0.45,100.0,,0,0,,
2058.9,03:49:12,100,50,66,61,151.35,1177,3004,1422,P2,53.0,7.42,10.53,53.0,0.45,100.0,,0,0,,
2060.0,03:49:14,100,50,66,61,151.07,1177,3004,1422,P2,54.0,7.39,10.53,53.0,0.45,100.0,,0,0,,
2061.1,03:49:15,100,59,66,61,151.46,1177,3004,1422,P2,53.0,7.4,10.53,53.0,0.45,100.0,,0,0,,
2062.1,03:49:16,100,59,66,61,151.46,1177,3004,1422,P2,51.0,7.4,10.53,51.0,0.45,100.0,,0,0,,
2063.2,03:49:17,100,51,66,61,151.62,1177,3004,1422,P2,53.0,7.4,10.49,53.0,0.45,100.0,,0,0,,
2064.3,03:49:18,100,50,66,61,150.98,1177,3004,1422,P2,52.0,7.41,10.49,52.0,0.45,100.0,,0,0,,
2065.4,03:49:19,100,50,66,61,151.12,1177,3004,1422,P2,52.0,7.41,10.49,52.0,0.45,100.0,,0,0,,
2066.4,03:49:20,100,50,66,61,150.86,1177,3004,1422,P2,54.0,7.39,10.49,54.0,0.45,100.0,,0,0,,
2067.5,03:49:21,100,50,66,61,151.27,1177,3004,1422,P2,53.0,7.39,10.45,53.0,0.45,100.0,,0,0,,
2068.6,03:49:22,100,50,66,61,151.30,1177,3004,1422,P2,52.0,7.38,10.45,52.0,0.45,100.0,,0,0,,
2069.6,03:49:23,100,49,66,61,150.98,1177,3004,1422,P2,54.0,7.36,10.45,54.0,0.45,100.0,,0,0,,
2070.7,03:49:24,100,50,66,61,151.36,1177,3004,1422,P2,54.0,7.38,10.45,54.0,0.45,100.0,,0,0,,
2071.8,03:49:25,100,59,66,61,151.64,1177,3004,1422,P2,54.0,7.42,10.45,52.0,0.45,100.0,,0,0,,
2072.8,03:49:26,99,59,66,61,150.98,1177,3004,1422,P2,54.0,7.43,10.41,54.0,0.45,99.9,,0,0,,
2073.9,03:49:27,100,50,66,61,151.46,1177,3004,1422,P2,54.0,7.4,10.41,54.0,0.45,100.0,,0,0,,
2075.0,03:49:28,100,50,66,61,151.54,1177,3004,1422,P2,53.0,7.39,10.41,53.0,0.45,100.0,,0,0,,
2076.0,03:49:30,100,50,66,61,151.08,1177,3004,1422,P2,54.0,7.42,10.41,54.0,0.45,100.0,,0,0,,
2077.1,03:49:31,100,50,66,61,150.82,1177,3004,1422,P2,54.0,7.39,10.41,54.0,0.45,100.0,,0,0,,
2078.2,03:49:32,100,50,66,61,151.39,1177,3004,1422,P2,54.0,7.42,10.38,54.0,0.45,99.9,,0,0,,
2079.2,03:49:33,100,49,66,61,150.89,1177,3004,1422,P2,53.0,7.4,10.38,53.0,0.45,100.0,,0,0,,
2080.3,03:49:34,100,50,66,61,151.26,1177,3004,1422,P2,51.0,7.4,10.38,51.0,0.45,100.0,,0,0,,
2081.4,03:49:35,100,49,66,61,151.30,1177,3004,1422,P2,53.0,7.4,10.38,53.0,0.45,100.0,,0,0,,
2082.4,03:49:36,100,59,66,61,151.59,1177,3004,1422,P2,53.0,7.39,10.35,54.0,0.45,100.0,,0,0,,
2083.5,03:49:37,100,50,66,61,151.05,1177,3004,1422,P2,53.0,7.41,10.35,53.0,0.45,100.0,,0,0,,
2084.6,03:49:38,100,50,66,61,151.46,1177,3004,1422,P2,52.0,7.41,10.35,52.0,0.45,100.0,,0,0,,
2085.6,03:49:39,100,50,66,61,151.34,1177,3004,1422,P2,53.0,7.42,10.35,53.0,0.45,100.0,,0,0,,
2086.7,03:49:40,100,50,66,61,151.30,1177,3004,1422,P2,54.0,7.41,10.35,54.0,0.45,100.0,,0,0,,
2087.8,03:49:41,100,50,66,61,151.55,1177,3004,1422,P2,54.0,7.38,10.32,53.0,0.45,100.0,,0,0,,
2088.8,03:49:42,100,50,66,61,151.63,1177,3004,1422,P2,54.0,7.41,10.32,54.0,0.45,100.0,,0,0,,
2089.9,03:49:43,100,50,66,61,151.08,1177,3004,1422,P2,55.0,7.38,10.32,55.0,0.45,99.8,,0,0,,
2091.0,03:49:44,100,49,66,61,150.70,1177,3004,1422,P2,53.0,7.41,10.32,53.0,0.45,100.0,,0,0,,
2092.0,03:49:46,100,49,66,61,151.17,1177,3004,1422,P2,54.0,7.38,10.32,54.0,0.45,100.0,,0,0,,
2093.1,03:49:47,100,58,66,61,151.56,1177,3004,1422,P2,40.0,4.29,9.66,40.0,0.45,28.3,,0,0,,
2094.1,03:49:48,100,50,66,61,151.53,1177,3004,1422,P2,40.0,4.29,9.66,40.0,0.45,13.7,,0,0,,
2095.1,03:49:49,100,50,66,61,151.09,1177,3004,1422,P2,40.0,4.3,9.66,40.0,0.45,14.0,,0,0,,
2096.1,03:49:50,100,50,66,61,151.53,1177,3004,1422,P2,39.0,4.3,9.66,39.0,0.45,14.2,,0,0,,
2097.1,03:49:51,100,50,66,61,151.18,1177,3004,1422,P2,39.0,4.28,9.66,39.0,0.45,13.6,,0,0,,
2098.2,03:49:52,0,0,60,62,61.35,1240,3004,1419,P2,33.0,3.97,8.96,33.0,0.45,14.2,,0,0,,
